url_name,zh_name,platinum1,platinum2,platinum3,platinum_avg
dread_ward,恐惧屏障,10,12,13
braton_vandal_set,布莱顿·破坏者 一套,270,275,280
emp_aura,电磁脉冲场,10,12,12
primed_chamber,膛室 Prime,295,298,299
epitaph_prime_barrel,葬铭 Prime 枪管,3,5,5
lato_vandal_set,拉托·破坏者 一套,260,260,260
arcane_squall_helmet,飑风 秘奥头盔,250,400,600
exodia_epidemic,神威·流行病,7,9,9
arcane_backdraft_helmet,复燃 秘奥头盔,189,190,200
fortifying_fire,固盾火力,5,5,6
arcane_swindle_helmet,诈欺 秘奥头盔,195,240,250
frak_stabilizer_blueprint,锐克稳定器 蓝图,10,10,10
arcane_phoenix_helmet,凤凰 秘奥头盔,120,200,288
hard_reset,硬重启,9,9,10
sentient_surge,Sentient 涌现,7,7,7
hushed_invisibility,静谧无踪,9,10,10
hystrix_prime_receiver,豪猪 Prime 枪机,8,8,9
lato_vandal_barrel,拉托·破坏者 枪管,190,196,199
ironclad_charge,铁甲冲锋,10,12,14
karak_wraith_blueprint,卡拉克·亡魂 蓝图,14,15,16
arcane_locust_helmet,飞蝗 秘奥头盔,250,450,650
arcane_mag_gauss_helmet,Mag 高斯 秘奥头盔,189,200,250
maim,致残枪弹,7,8,8
marked_target,标记目标,5,5,5
mecha_overdrive,机甲 超载,24,24,25
dog_days_night_scene,三伏天夜晚场景,70,80,90
mesas_waltz,Mesa 的华尔兹,8,8,9
arcane_essence_helmet,本质 秘奥头盔,200,200,650
mountains_edge,山之锋芒,5,7,9
arcane_chlora_helmet,氯毒 秘奥头盔,180,288,300
arcane_pulse_helmet,脉冲 秘奥头盔,365,499
necramech_drift,殁世机甲 窜升,7,7,9
dog_days_scene,三伏天场景,40,50,70
vile_discharge,邪恶释放,8,8,8
necramech_slipstream,殁世机甲 滑流,6,6,7
arcane_gambit_helmet,策略 秘奥头盔,90,120,150
niras_anguish,混沌蛇主之苦,6,8,9
silver_grove_shrine_scene,落银树庭圣所场景,100,200
arcane_aura_helmet,预言 秘奥头盔,199,200,250
null_audit,虚无审计,8,8,8
arcane_vespa_helmet,黄蜂 秘奥头盔,350,350,400
arcane_hemlock_helmet,铁杉 秘奥头盔,190,300,450
onorix_handle,奥努里克斯 握柄,9,9,9
morgha_set,置灵者 一套,123,125
hespar_set,暮斩 一套,140,150,156
overextended,过度延展,9,9,10
color_key_scene,色键场景,75,80,90
phaedra_receiver,菲德菈 枪机,9,10,13
arcane_avalon_helmet,阿瓦隆 秘奥头盔,200,288,300
phantasma_prime_barrel,幻离子 Prime 枪管,9,9,9
boar_prime_set,野猪 Prime 一套,130,135,140
power_of_three,三幂之力,8,8,9
braton_vandal_blueprint,布莱顿·破坏者 蓝图,120,125,125
arcane_flux_helmet,通量 秘奥头盔,100,140,200
purifying_flames,净化烈焰,9,10,16
sporothrix_set,孢丝感染枪 一套,130,130,150
hard_engage,以硬碰硬,100,149,150
radiant_finish,终结闪光,12,15,15
arum_spinosa_set,疆南星刺 一套,130,140,145
raksa_kubrow_imprint,防护型库狛 基因印记,10,10,10
dual_kamas_prime_set,双短柄战镰 Prime 一套,80,83,85
saryn_prime_neuroptics_blueprint,Saryn Prime 头部神经光元 蓝图,9,9,10
shattering_justice,破碎正义,8,8,10
shockwave_actuators,震波驱动器,200,200
shedu_chassis,舍杜 机体,9,9,9
vauban_prime_set,Vauban Prime 一套,142,143,144
shocking_speed,电击加速,12,13,13
paralytic_spores,瘫痪孢子,200
medjay_predasite_imprint,守卫扑猎达赛 基因印记,20,75
shotgun_scavenger,霰弹枪弹药搜集者,9,9,10
akstiletto_prime_set,史提托双枪 Prime 一套,125,125,130
auto_omni,万用自修,15,20,20
strain_consume,菌株 吸收,12,13,15
xata_invocation,Xata 神祈,85,85,100
vexing_retaliation,怨怒报复,1,6,10
hespar_blade_blueprint,暮斩 刀刃 蓝图,115,115,140
arcane_scorpion_helmet,毒蝎 秘奥头盔,90,100,100
vigilante_fervor,私法 热诚,7,7,7
spira_prime_set,旋刃飞刀 Prime 一套,110,110,115
arcane_esprit_helmet,机敏 秘奥头盔,99,100,100
accumulating_whipclaw,蓄积长鞭,8,8,9
arcane_aurora_helmet,极光 秘奥头盔,135,200,200
akarius_prime_receiver,阿利乌双枪 Prime 枪机,8,8,10
arcane_reverb_helmet,返响 秘奥头盔,175,288,300
aklex_prime_blueprint,雷克斯双枪 Prime 蓝图,7,7,8
cortege_set,送葬者 一套,90,90,90
auto_breach,自动破解,9,9,9
netherbarrow_region_scene,幽冥陵地区场景
mag_prime_set,Mag Prime 一套,105,110,110
braton_vandal_barrel,布莱顿·破坏者 枪管,9,9,9
carnis_stinger,肉碾虫 针刺,8,9,10
security_override,协议覆盖,400
ember_prime_systems_blueprint,Ember Prime 系统 蓝图,7,7,8
entropy_burst,熵数爆发,9,9,10
nami_skyla_prime_set,海波斯库拉对剑 Prime 一套,85,100,108
entropy_spike,熵数尖钉,9,9,15
latron_prime_set,拉特昂 Prime 一套,112,113,113
felarx_blueprint,逐枭 蓝图,7,8,8
braton_vandal_stock,布莱顿·破坏者 枪托,90,90,100
glaive_prime_disc,战刃 Prime 圆盘,9,10,10
hypothermic_shell,低温外壳,9,9,9
legendary_fusion_core,传说核心,115,119,120
infested_impedance,感染者阻抗,10,12,12
kaszas_blade,死亡使徒 刀刃,6,9,10
prisma_shade_set,棱晶 阴影 一套,100,100,115
kaszas_handle,死亡使徒 握柄,7,8,8
anti_grav_array,反重力阵列,25,30,35
magus_anomaly,魔导·近点,7,9,9
frost_prime_set,Frost Prime 一套,95,100,100
mantis_fuselage_blueprint,Mantis 机身 蓝图,5,6,7
aeolak_set,风鸣 一套,98,99,100
electro_pulse,电光脉冲,50,100
prisma_lenz,棱晶·楞次弓,80,90,100
prisma_twin_gremlins,棱晶·双子小精灵,77,100,100
nekros_prime_chassis_blueprint,Nekros Prime 机体 蓝图,7,7,7
venka_prime_set,凯旋之爪 Prime 一套,95,95,99
nyx_prime_chassis_blueprint,Nyx Prime 机体 蓝图,8,9,10
wyrm_prime_set,蛟龙 Prime 一套,95,98,98
arcane_thrak_helmet,震击 秘奥头盔,90,100,150
orthos_prime_set,欧特鲁斯 Prime 一套,9,10,10
nautilus_prime,鹦鹉螺 Prime 一套,70,75,78
pathocyst_blade,病囊飞刃 刀刃,20,20,27
prisma_gorgon,棱晶·蛇发女妖,87,90,95
arcane_menticide_helmet,灭神 秘奥头盔,388,400,450
primary_blight,主要·毒侵,7,7,8
rathbone_handle,拉斯波恩 握柄,9,10,10
hydroid_prime_set,Hydroid Prime 一套,94,98,98
red_veil_augment_mod,血色面纱强化Mod,10,10,15
prisma_obex,棱晶·奥比克斯,100,110,110
scattering_inferno,炼狱轰击,8,9,9
prisma_veritux,棱晶·真理巨剑,95,95,110
steel_meridian_augment_mod,钢铁防线强化Mod,10,10,15
sevagoth_prime,Sevagoth Prime 一套,74,75,75
stockpiled_blight,积存毁坏,7,7,9
fluctus_set,巨浪 一套,40,40,50
sunika_kubrow_imprint,猎杀型库狛 基因印记,10,15,15
nekros_prime_set,Nekros Prime 一套,100,100,103
vapor_trail,雾化尾迹,15,100,170
synth_fiber,合成 纤维,8,8,9
targeting_subsystem,定位辅助,7,9,10
nova_prime_set,Nova Prime 一套,89,89,90
tekko_prime_gauntlet,铁钩手甲 Prime 拳套,4,4,7
soma_prime_set,月神 Prime 一套,65,69,69
tiberon_prime_barrel,狂鲨 Prime 枪管,10,10,10
nikana_prime_set,侍刃 Prime 一套,85,90,90
cetus_scene,希图斯场景,35,90,100
velocitus_receiver,极速电磁步枪 枪机,7,8,8
latron_wraith_set,拉特昂·亡魂 一套,66,70,70
velocitus_stock,极速电磁步枪 枪托,8,8,8
loki_prime_set,Loki Prime 一套,94,94,95
vigilante_offense,私法 进攻,7,8,8
primed_pistol_ammo_mutation,手枪弹药转换 Prime,20,30,30
volt_prime_systems_blueprint,Volt Prime 系统 蓝图,13,15,15
searing_steel,炽燃钢铁,27,30,33
zhuge_prime_receiver,诸葛连弩 Prime 枪机,9,9,9
suda_armor_set,Suda Armor Set,35,50,70
zodiac_shred,黄道碎裂,5,7,7
kronen_prime_set,皇家拐刃 Prime 一套,99,99,100
aksomati_prime_barrel,轻灵月神双枪 Prime 枪管,8,9,9
primed_rifle_ammo_mutation,步枪弹药转换 Prime,75,90,95
spectra_vandal_set,光谱切割器·破坏者 一套,50,79,79
nautilus_set,鹦鹉螺 一套,75,95,100
arcane_barrier,赋能·壁垒,8,8,9
saryn_prime_set,Saryn Prime 一套,92,94,94
ballistica_prime_string,布里斯提卡 Prime 弓弦,6,8,9
vulkar_wraith,金工火神·亡魂,78,88,90
prisma_grinlok,棱晶·葛恩火枪,75,75,75
battle_stations,战位,7,10,14
body_count,杀伤计数,9,9,9
vectis_prime_set,守望者 Prime 一套,95,95,95
meticulous_aim,细心瞄准,20,24,35
coaction_drift,协力窜升,8,10,10
akjagara_prime_set,觉醒双枪 Prime 一套,85,89,90
entropy_detonation,熵数起爆,8,11,14
garmr_core_blueprint,加姆核心 蓝图,10,10,10
glaive_prime_set,战刃 Prime 一套,85,85,87
grendel_prime_blueprint,Grendel Prime 蓝图,8,9,10
photon_overcharge,光子过载,80,83,85
helios_prime_systems,赫利俄斯 Prime 系统,9,9,9
glaxion_vandal,冷冻光束步枪·破坏者,80,90,90
hydroid_prime_chassis_blueprint,Hydroid Prime 机体 蓝图,7,7,7
tekko_prime_set,铁钩手甲 Prime 一套,75,77,79
lohk_canticle,Lohk 颂歌,7,7,9
volt_prime_set,Volt Prime 一套,99,100,100
longbow_sharpshot,弓箭·利矢,5,7,7
bonewidow_set,骨骸寡妇 一套,79,80,80
melee_elementalist,近战元素师,9,9,9
gotva_prime,骨葬 Prime,45,50,59
mirage_prime_chassis_blueprint,Mirage Prime 机体 蓝图,9,9,9
necramech_seismic_wave,殁世机甲 震波,6,8,9
ember_prime_set,Ember Prime 一套,75,75,79
okina_prime_blueprint,翁 Prime 蓝图,10,20,21
prova_vandal,普罗沃·破坏者,89,90,90
phenmor_blueprint,凤殁 蓝图,7,7,8
ash_prime_set,Ash Prime 一套,89,90,90
aksomati_prime_set,轻灵月神双枪 Prime 一套,85,85,85
pilfering_strangledome,贪夺穹顶,7,8,8
raiju_core_blueprint,莱胡核心 蓝图,7,8,9
opticor_vandal,奥堤克光子枪·破坏者,74,75,99
cortege_stock,送葬者 枪托
oberon_prime_set,Oberon Prime 一套,87,88,88
ris_invocation,Ris 神祈,8,9,10
primed_bane_of_infested,灭亡 Infested Prime,70,80,85
scindo_prime_handle,分裂斩斧 Prime 握柄,5,6,7
primed_expel_corrupted,驱逐 Orokin Prime,89,90,90
total_eclipse,全蚀,10,10,10
tainted_hydra,污染水螅,150
critical_precision,致命精准,10,10,14
virtuos_ghost,正直·鬼魅,5,10,30
virtuos_surge,正直·突波,8,9,65
prisma_grakata,棱晶·葛拉卡达,49,50,60
chamber_of_the_lotus_scene,Lotus 大厅场景,67,80,99
volt_prime_chassis_blueprint,Volt Prime 机体 蓝图,15,15,18
hammer_shot,重锤射击,80,82,82
vulcan_blitz,火神闪击,7,8,8
zubb_bracket_blueprint,乍布脚架 蓝图,10,10,10
nyx_prime_set,Nyx Prime 一套,80,80,80
acceltra_prime_barrel,迅发电浆炮 Prime 枪管,9,9,10
centaur_set,半人马 一套,59,100,150
akbronco_prime_set,野马双枪 Prime 一套,7,7,7
primed_bane_of_grineer,灭亡 Grineer Prime,88,89,90
ankyros_prime_gauntlet,甲龙双拳 Prime 拳套,10,10,15
primed_expel_grineer,驱逐 Grineer Prime,80,80,90
arcane_precision,赋能·精确,5,5,6
akbolto_prime_set,螺钉双枪 Prime 一套,79,79,80
deadly_maneuvers,致命机动,6,14,14
carmine_penta_set,嫣红·潘塔 一套,75,75,95
halikar_wraith,哈利卡·亡魂,89,89,90
despoil,掠夺,7,8,8
mirage_prime_set,Mirage Prime 一套,74,75,79
dual_kamas_prime_handle,双短柄战镰 Prime 握柄,5,7,7
ambush,幽灵伏击,57,59,60
exposing_harpoon,暴露鱼叉,10,10,10
primed_cryo_rounds,低温弹头 Prime,29,30,30
fluctus_stock,巨浪 枪托,7,9,9
kogake_prime_set,科加基 Prime 一套,80,80,80
gara_prime_chassis_blueprint,Gara Prime 机体 蓝图,7,8,8
nidus_prime_set,Nidus Prime 一套,72,78,78
mecha_empowered,机甲 强化,8,8,8
akvasto_prime_set,瓦斯托双枪 Prime 一套,75,79,80
medi_ray,医疗射线,40,45,45
carrier_prime_set,搬运者 Prime 一套,75,79,80
natural_talent,天赋,8,8,9
sudas_datascape_scene,苏达数据景观场景,60,99,150
necramech_hydraulics,殁世机甲 液压,7,7,7
iatric_mycelium,医疗菌丝,10,10,200
netra_invocation,Netra 神祈,7,9,10
hexis_armor_set,Hexis Armor Set,35,200
nyx_prime_systems_blueprint,Nyx Prime 系统 蓝图,9,9,9
saxum_spittle,重岩者 唾液,44,45,45
phaedra_barrel,菲德菈 枪管,10,10,12
acidic_spittle,浓酸唾液,10,10,10
plains_of_eidolon_scene,夜灵平野场景,80,93,96
quick_reload,快速装填,8,8,9
prisma_angstrum,棱晶·安格斯壮,69,69,70
rubico_prime_stock,绝路 Prime 枪托,7,8,8
prisma_machete,棱晶·马谢特砍刀,38,40,40
scimitar_fuselage_blueprint,Scimitar 机身 蓝图,9,9,9
wukong_prime_set,Wukong Prime 一套,74,75,79
shade_prime_carapace,阴影 Prime 外壳,8,9,9
prisma_burst_laser,棱晶 激光点发,80,80,100
shedu_handle,舍杜 握柄,9,9,10
athodai_set,阿索代 一套,90,90,100
shedu_receiver,舍杜 枪机,8,9,9
shredder,粉碎器,3,8,10
limbo_prime_set,Limbo Prime 一套,74,75,75
titania_prime_set,Titania Prime 一套,67,67,67
tigris_prime_receiver,猛虎 Prime 枪机,9,10,10
primed_cleanse_infested,净化 Infested Prime,50,59,60
titania_prime_chassis_blueprint,Titania Prime 机体 蓝图,5,7,7
zephyr_prime_set,Zephyr Prime 一套,78,78,79
untraceable,无迹可寻,8,10,10
boar_prime_stock,野猪 Prime 枪托,50,60,60
venom_dose,猛毒附加,9,9,9
combo_killer,连击杀手,30,60,70
akstiletto_prime_link,史提托双枪 Prime 连接器,8,8,8
dera_vandal_set,德拉·破坏者 一套,80,82,90
baruuk_prime_blueprint,Baruuk Prime 蓝图,7,7,8
epitaph_prime,葬铭 Prime 一套,55,60,60
condition_overload,异况超量,7,7,7
prisma_skana,棱晶·空刃,30,35,38
destreza_prime_handle,技巧之剑 Prime 握柄,6,10,10
enduring_strike,不朽打击,8,9,10
quanta_vandal,量子切割器·破坏者,78,79,80
primed_sniper_ammo_mutation,狙击枪弹药转换 Prime,20,25,28
entropy_flight,飞逝熵数,8,10,10
companion_weapon_riven_mod_(veiled),同伴武器裂罅 Mod (尚未揭开),30,32,32
fang_prime_set,狼牙 Prime 一套,5,5,5
prisma_shade,棱晶 阴影,74,80,100
aklex_prime_set,雷克斯双枪 Prime 一套,33,34,35
frost_jaw,冰冻双颚,9,10,10
juice,能量果汁,15,20,65
gunsen_prime_blade,军扇 Prime 刀刃,6,7,7
morgha_barrel,置灵者 枪管,60
hunter_munitions,猎人 战备,9,9,10
primed_regen,重生 Prime,29,29,35
loki_prime_blueprint,Loki Prime 蓝图,10,10,10
strun_wraith_set,斯特朗·亡魂 一套,45,47,50
nyx_prime_blueprint,Nyx Prime 蓝图,7,7,7
supra_vandal,苏普拉·破坏者,39,40,40
opportunitys_reach,机遇所至,6,7,8
praedos_blueprint,双雄 蓝图,9,9,9
garuda_prime_set,Garuda Prime 一套,69,69,69
ready_steel,磨砺锋刃,6,7,8
dethcube_prime_set,死亡魔方 Prime 一套,65,65,68
hydraulic_gauge,液压弹药,25
rubico_prime_barrel,绝路 Prime 枪管,7,7,7
orbiter_scene,轨道飞行器场景,70,80,90
seeking_shuriken,削甲手里剑,8,9,10
primed_fulmination,猛烈爆发 Prime,60,72,75
stalking_fan,缠旋风切,8,10,10
primed_redirection,蓄能重划 Prime,70,70,70
titania_prime_blueprint,Titania Prime 蓝图,6,7,8
zylok,席尔火枪,70,70,70
baza_prime_set,苍鹰 Prime 一套,60,70,70
true_punishment,真实惩罚,7,8,8
corinth_prime_set,科林斯 Prime 一套,77,78,79
primed_smite_corpus,毁灭 Corpus Prime,40,45,50
wukong_prime_chassis_blueprint,Wukong Prime 机体 蓝图,8,9,10
zylok_prime_blueprint,席尔火枪 Prime 蓝图,7,7,7
disciplines_merit,纪律之功,65,65,65
akjagara_prime_receiver,觉醒双枪 Prime 枪机,5,7,7
helios_prime_set,赫利俄斯 Prime 一套,55,60,60
astral_twilight,星界微光,8,8,8
fulmination,猛烈爆发,40,55,59
cernos_prime_upper_limb,西诺斯 Prime 上弓臂,5,6,6
conditions_perfection,极致境地,5,5,7
khora_prime_set,Khora Prime 一套,55,60,60
arum_spinosa_rivet,疆南星刺 铆钉,40,40,52
corrupt_charge,邪恶蓄力,8,9,9
corufell_receiver,闪劫 枪机,6,6,8
cinta_set,遂心 一套,65,65,65
jugulus_spines,喉骨刃者 脊刺,40,50,60
fleeting_expertise,弹指瞬技,8,8,8
corinth_prime_barrel,科林斯 Prime 枪管,49,50,50
harkonar_scope,哈库那瞄准镜,9,9,10
prisma_ohma,棱晶·欧玛,60,65,69
hyperion_thrusters,超越推进,8,8,8
immolated_radiance,献祭之辉,10,10,12
vericres,真月武扇,66,69,70
imperator_vandal_blueprint,凯旋将军·破坏者 蓝图,5,6,7
ballistica_prime_set,布里斯提卡 Prime 一套,69,69,70
innodem_blueprint,清刚 蓝图,6,7,7
voidrig_set,虚空锐将 一套,65,65,70
limbo_prime_systems_blueprint,Limbo Prime 系统 蓝图,4,4,4
banshee_prime_set,Banshee Prime 一套,58,59,59
narrow_minded,心志偏狭,9,9,9
necramech_efficiency,殁世机甲 增效,8,8,10
primed_target_cracker,弱点专精 Prime,65,70,70
necramech_streamline,殁世机甲 简化,5,8,8
tipedo_prime_set,提佩多 Prime 一套,60,65,65
nikana_prime_blueprint,侍刃 Prime 蓝图,6,7,8
machete_wraith,马谢特砍刀·亡魂,65,70,74
nova_prime_blueprint,Nova Prime 蓝图,12,12,12
viper_wraith,蝰蛇·亡魂,50,70,70
oberon_prime_chassis_blueprint,Oberon Prime 机体 蓝图,7,9,10
bo_prime_set,玻之武杖 Prime 一套,70,74,74
paris_prime_set,帕里斯 Prime 一套,5,6,7
mesa_prime_set,Mesa Prime 一套,65,68,69
pax_seeker,和平·追寻者,4,8,9
octavia_prime_set,Octavia Prime 一套,65,70,70
recharge_barrier,充能电幕,7,9,9
rending_crane,撕裂鹤击,6,7,7
nezha_prime_set,Nezha Prime 一套,55,55,56
scimitar_avionics_blueprint,Scimitar 飞航系统 蓝图,7,8,8
prisma_tetra,棱晶·特拉,25,29,30
steflos_receiver,石晶之花 枪机,6,7,8
votive_onslaught,埋首猛击,4,5,5
valkyr_prime_set,Valkyr Prime 一套,65,65,65
primed_pack_leader,领袖 Prime,50,70,70
wanz_stabilizer_blueprint,万兹稳定器 蓝图,10,10,15
zhuge_prime_string,诸葛连弩 Prime 弓弦,9,9,10
high_voltage,高压电流,68,69,70
orb_vallis_scene,奥布山谷场景,48,50,50
corufell_handle,闪劫 握柄,6,6,7
twin_vipers_wraith_set,双子蝰蛇·亡魂 一套,52,55,55
crimson_dervish,赤红狂舞,7,8,8
cernos_prime_set,西诺斯 Prime 一套,50,50,59
dakra_prime_handle,达克拉 Prime 握柄,7,8,9
looter,搜刮者,50,50,60
guandao_prime_blade,关刀 Prime 刀刃,7,7,7
atlas_prime_set,Atlas Prime 一套,60,64,64
high_noon,正午,4,5,5
laetum_blueprint,奏凯 蓝图,5,5,7
magus_repair,魔导·修复,10,10,10
gara_prime_set,Gara Prime 一套,59,60,60
nami_skyla_prime_handle,海波斯库拉对剑 Prime 握柄,7,7,7
octavia_prime_systems_blueprint,Octavia Prime 系统 蓝图,7,7,7
lato_vandal_blueprint,拉托·破坏者 蓝图,45,49,50
pax_bolt,和平·电闪,5,7,7
primed_fast_hands,爆发装填 Prime,60,60,64
arc_coil,电弧线圈,49,60,60
quick_return,快速收回,2,3,3
primed_cleanse_grineer,净化 Grineer Prime,40,40,50
steflos_stock,石晶之花 枪托,7,8,9
tenora_prime_stock,双簧管 Prime 枪托,5,6,8
primed_magazine_warp,弹匣增幅 Prime,33,35,40
trample,践踏,6,8,9
trinity_prime_set,Trinity Prime 一套,45,49,50
adarza_kavat_imprint,镜像型库娃 基因印记,8,9,10
agkuza_handle,驯象钩刃 握柄,6,7,8
akmagnus_prime,麦格努斯双枪 Prime 一套,87,90,90
frost_prime_blueprint,Frost Prime 蓝图,50,54,55
boltor_prime_barrel,螺钉步枪 Prime 枪管,8,8,9
meridian_armor_set,Meridian Armor Set,40,60,80
bronco_prime_set,野马 Prime 一套,8,8,8
primed_heated_charge,火焰装填 Prime,55,55,58
carrier_prime_blueprint,搬运者 Prime 蓝图,10,12,15
primed_pistol_gambit,手枪精通 Prime,20,20,24
cobra_and_crane_prime_guard,眼镜蛇 & 鹤 Prime 护手,5,6,6
primed_rubedo_lined_barrel,红晶枪管 Prime,30,32,37
reawaken,再启动,50,55,59
deadly_efficiency,致命效率,5,5,5
rubico_prime_set,绝路 Prime 一套,55,59,60
ember_prime_chassis_blueprint,Ember Prime 机体 蓝图,8,8,8
gamma_beacon,Gamma 信标,45,90,500
focused_defense,重点防御,6,8,8
karak_wraith_set,卡拉克·亡魂 一套,55,59,60
gauss_prime_blueprint,Gauss Prime 蓝图,5,6,6
nova_prime_chassis_blueprint,Nova Prime 机体 蓝图,25,27,28
hespar_handle_blueprint,暮斩 握柄 蓝图,5,6,6
jugulus_barbs,喉骨刃者 倒刺,4,5,5
primed_ammo_stock,霰弹扩充 Prime,60,60,65
magus_lockdown,魔导·封锁,6,6,6
magus_melt,魔导·热熔,8,9,10
primed_smite_grineer,毁灭 Grineer Prime,50,54,55
masseter_prime_blade,咀嚼金棒 Prime 刀刃,7,7,7
mecha_recharge,机甲 充能,9,10,15
primed_tactical_pump,战术上膛 Prime,44,45,50
nami_skyla_prime_blueprint,海波斯库拉对剑 Prime 蓝图,5,5,5
neutralize,啃咬压制,5,8,9
scourge_prime_set,祸根 Prime 一套,53,55,55
niras_hatred,混沌蛇主之恨,5,6,6
rifle_elementalist,步枪元素师,8,9,9
voltaic_strike,伏打电能,29,29,29
secondary_shiver,次要·冷颤,4,4,4
red_veil_armor_set,Red Veil Armor Set,35,40,40
ivara_prime_set,Ivara Prime 一套,55,58,59
prisma_dual_decurions,棱晶·什长双枪,75,80,80
protea_prime_set,Protea Prime 一套,55,59,60
sevagoth_prime_neuroptics_blueprint,Sevagoth Prime 头部神经光元 蓝图,4,5,5
tenora_prime_set,双簧管 Prime 一套,48,48,49
shotgun_amp,霰弹枪增幅,7,8,8
astral_autopsy,星界剖解,50,50,65
swift_mercy,迅捷怜悯,5,5,7
swooping_falcon,猎鹰俯击,5,7,8
primed_convulsion,痉挛 Prime,60,60,60
trinity_prime_neuroptics_blueprint,Trinity Prime 头部神经光元 蓝图,5,8,8
split_flights,分裂飞行,59,60,60
vile_acceleration,卑劣加速,10,10,10
wolf_sledge_set,恶狼战锤 一套,60,62,62
cyngas_set,合成燃气炮 一套,35,150
arcane_guardian,赋能·保卫者,5,5,6
primed_firestorm,烈焰风暴 Prime,1,45,50
battle_forge,战斗锻造,4,4,5
epitaph_barrel,葬铭 枪管,5,5,5
detect_vulnerability,弱点侦测,50,51,59
fomorian_accelerant,巨人促进剂,7,9,10
energy_generator,能量产生器,54,54,54
frost_prime_neuroptics_blueprint,Frost Prime 头部神经光元 蓝图,8,8,9
inaros_prime_set,Inaros Prime 一套,49,50,53
hit_and_run,脚底抹油,4,4,4
equinox_prime_set,Equinox Prime 一套,64,65,65
kavasa_prime_kubrow_collar_blueprint,喀婆萨 Prime 库狛项圈 蓝图,4,5,5
live_wire,火线电击,3,4,5
ninkondi_prime_set,降灵追猎者 Prime 一套,59,60,60
magus_cadence,魔导·韵律,78,80,90
sybaris_prime_set,席芭莉丝 Prime 一套,100,115,123
magus_replenish,魔导·充盈,5,5,50
velocitus_set,极速电磁步枪 一套,40,45,47
mesa_prime_blueprint,Mesa Prime 蓝图,4,5,5
necramech_deflection,殁世机甲 充能,9,9,10
primed_bane_of_corrupted,灭亡 Orokin Prime,40,50,50
bite,咬碎,60,60,60
niras_contempt,混沌蛇主之鄙,6,6,7
volatile_variant,易爆变体,30,40,45
nova_prime_neuroptics_blueprint,Nova Prime 头部神经光元 蓝图,13,14,14
basin_cay_scene,盆地岛场景,15
runtime,溜之大吉,9,10,10
jolt,电流震击,44,47,49
shrapnel_shot,破片射击,7,7,8
primed_chilling_grasp,急冻控场 Prime,20,20,23
stahlta_receiver,钢刃步枪 枪机,7,7,8
steflos_barrel,石晶之花 枪管,6,7,7
primed_continuity,持久力 Prime,44,45,50
stradavar_prime_stock,斯特拉迪瓦 Prime 枪托,6,6,6
primed_expel_infested,驱逐 Infested Prime,35,50,65
tether,束缚力场,5,5,6
primed_shotgun_ammo_mutation,霰弹枪弹药转换 Prime,60,60,60
titania_prime_neuroptics_blueprint,Titania Prime 头部神经光元 蓝图,6,6,7
valkyr_prime_neuroptics_blueprint,Valkyr Prime 头部神经光元 蓝图,6,7,8
chroma_prime_set,Chroma Prime 一套,58,59,59
aerial_prospectus,空中招股,4,5,8
primed_expel_corpus,驱逐 Corpus Prime,50,55,59
astral_slash,星体切砍,5,5,5
nikana_prime_hilt,侍刃 Prime 握柄,47,47,49
ballistica_prime_upper_limb,布里斯提卡 Prime 上弓臂,7,7,8
cernos_prime_string,西诺斯 Prime 弓弦,5,5,7
dual_kamas_prime_blade,双短柄战镰 Prime 刀刃,19,23,24
chilling_globe,冰封护罩,5,8,10
negate,抵消,55,59,60
comet_blast,彗星爆发,4,5,5
covert_lethality,致命匿杀,8,8,8
primed_animal_instinct,动物本能 Prime,44,45,45
primed_dual_rounds,双重弹头 Prime,49,55,55
heavy_caliber,重口径,5,5,5
howl,嚎声,5,5,5
rhino_prime_set,Rhino Prime 一套,48,50,54
hydraulic_crosshairs,液压准心,5,5,5
ivara_prime_blueprint,Ivara Prime 蓝图,7,7,8
turret_velocity,炮台速度,48,50,50
malicious_code,恶毒指令,7,8,8
energy_conversion,能量转换,45,50,54
necramech_enemy_sense,殁世机甲 敌人感应,5,7,7
garuda_prime_systems_blueprint,Garuda Prime 系统 蓝图,40,47,47
necramech_friction,殁世机甲 摩擦,5,5,5
oberon_prime_blueprint,Oberon Prime 蓝图,5,5,6
hikou_prime_set,飞扬 Prime 一套,48,48,50
piercing_step,穿刺步伐,3,4,4
primed_smite_infested,毁灭 Infested Prime,29,30,30
pyrana_prime_barrel,食人鱼 Prime 枪管,4,5,5
akarius_prime_set,阿利乌双枪 Prime 一套,50,50,50
semi_rifle_cannonade,半自动步枪炮轰,5,5,5
sybaris_prime_stock,席芭莉丝 Prime 枪托,15,15,15
vicious_frost,蚀骨寒霜,7,8,8
cordon,防线封锁,9,15,15
dual_decurion_set,什长双枪 一套,35,35,40
zephyr_prime_chassis_blueprint,Zephyr Prime 机体 蓝图,5,5,5
empowered_blades,强化刀锋,45,45,49
arcane_blade_charger,赋能·刀刃充能,4,4,5
health_conversion,生命转换,54,60,62
arcane_double_back,赋能·回返,4,5,50
primed_slip_magazine,串联弹匣 Prime,40,44,46
atlas_prime_neuroptics_blueprint,Atlas Prime 头部神经光元 蓝图,49,50,50
arcane_ice,赋能·冰冷,2,2,2
guandao_prime_set,关刀 Prime 一套,43,45,45
plan_b,应急备案,10,15,55
combat_discipline,战斗教条,5,6,6
primed_bane_of_corpus,灭亡 Corpus Prime,19,20,20
combustion_rounds,燃烧弹头,5,5,5
vastilok,瓦斯提枪刃,55,55,58
corvas_prime_receiver,黑鸦 Prime 枪机,3,5,7
vauban_prime_systems_blueprint,Vauban Prime 系统 蓝图,50,50,50
dakra_prime_blueprint,达克拉 Prime 蓝图,8,10,10
zhuge_prime_set,诸葛连弩 Prime 一套,49,50,50
eidolon_lens_blueprint,夜灵晶体 蓝图,6,7,7
fragor_prime_set,重击巨锤 Prime 一套,40,40,45
precision_strike,精准打击,17,19,25
hikou_prime_stars,飞扬 Prime 星镖,6,8,9
botanist,植物学家,49,50,50
kinetic_diversion,动力转移,6,6,7
kappa_beacon,Kappa 信标,45,50,90
link_vitality,链接生命力,5,5,6
dreamers_wrath,梦者之怒,49,50,60
mag_prime_blueprint,Mag Prime 蓝图,39,40,45
mesa_prime_chassis_blueprint,Mesa Prime 机体 蓝图,4,5,5
pax_charge,和平·电充,7,7,8
sevagoth_prime_chassis_blueprint,Sevagoth Prime 机体 蓝图,40,40,40
mirage_prime_blueprint,Mirage Prime 蓝图,44,44,44
pyrana_prime_receiver,食人鱼 Prime 枪机,4,5,5
secondary_kinship,次要·手足,4,5,5
pyrana_prime_set,食人鱼 Prime 一套,39,50,50
sharpened_bullets,尖锐子弹,5,5,5
silva_and_aegis_prime_set,席瓦 & 神盾 Prime 一套,40,49,50
sporothrix_stock,孢丝感染枪 枪托,34,35,35
sheev_heatsink,希芙 散热片,4,5,5
shotgun_cannonade,半自动霰弹枪炮轰,5,7,8
sicarus_prime_barrel,暗杀者 Prime 枪管,7,10,10
primed_flow,川流不息 Prime,54,55,55
snap_shot,速射,4,4,5
saryn_prime_chassis_blueprint,Saryn Prime 机体 蓝图,44,44,45
akvasto_prime_blueprint,瓦斯托双枪 Prime 蓝图,40,50,55
virtuos_tempo,正直·节奏,4,4,5
arcane_battery,赋能·电池,5,5,5
auxiliary_power,辅助动力,5,5,5
zephyr_prime_systems_blueprint,Zephyr Prime 系统 蓝图,40,40,40
blazing_steel,炽烈坚刃,3,4,5
euphona_prime_set,悦音 Prime 一套,40,40,40
braton_prime_set,布莱顿 Prime 一套,5,6,6
panthera_prime_set,猎豹 Prime 一套,45,45,49
carving_mantis,雕斩螳螂,5,5,6
primed_fever_strike,热病打击 Prime,39,40,40
crimson_fugue,猩红逐击,4,5,6
baza_prime_stock,苍鹰 Prime 枪托,32,33,34
deceptive_bond,虚伪连结,9,10,20
carrier_prime_cerebrum,搬运者 Prime 头部,40,40,42
harrow_prime_set,Harrow Prime 一套,40,40,43
dreamers_bond,梦者羁绊,3,5,6
kinetic_friction,动能摩擦,10,20,55
little_cay_scene,小岛场景
furax_wraith_right_gauntlet,弗拉克斯·亡魂 右拳套,5,5,5
amesha_set,圣使 一套,29,30,33
hunt,狩猎,4,5,6
ankyros_prime_set,甲龙双拳 Prime 一套,35,35,35
insulation,隔热,3,3,9
hec_hound_blueprint,骸克猎犬 蓝图,19,20,25
limbo_prime_blueprint,Limbo Prime 蓝图,4,5,5
imperator_vandal_set,凯旋将军·破坏者 一套,40,45,48
magnus_prime_receiver,麦格努斯 Prime 枪机,4,4,4
particle_ram,粒子冲撞,4,4,5
primed_reach,剑风 Prime,30,38,38
physique,体魄,5,5,7
combo_fury,连击狂怒,39,40,60
primary_plated_round,主要·镀金弹头,5,5,7
reaper_prime_set,收割者 Prime 一套,40,45,45
protect,保护,3,4,5
tigris_prime_set,猛虎 Prime 一套,45,45,45
energizing_shot,充沛射击,15,20,25
shotgun_elementalist,霰弹枪元素师,7,7,7
moonlit_courtyard_simulacrum,月光庭院幻影装置,40,40,40
silva_and_aegis_prime_blade,席瓦 & 神盾 Prime 刀刃,7,8,10
pathocyst_set,病囊飞刃 一套,46,48,48
silva_and_aegis_prime_hilt,席瓦 & 神盾 Prime 握柄,3,5,5
snipetron_vandal_set,狙击特昂·破坏者 一套,35,35,35
stand_united,团结一致,5,7,7
akstiletto_prime_barrel,史提托双枪 Prime 枪管,8,9,12
swift_momentum,迅敏动量,7,7,7
tiberon_prime_set,狂鲨 Prime 一套,38,40,41
system_reroute,系统重划,8,8,8
helios_prime_cerebrum,赫利俄斯 Prime 头部,29,29,35
mag_locks,磁吸固锁,12,15,19
target_acquired,锁定目标,5,5,5
velox_barrel,逐电 枪管,4,10,10
shell_shock,电冲弹药,25,30,30
vizier_predasite_imprint,宰相扑猎达赛 基因印记,20,20,40
ambassador_blueprint,使节 蓝图,40,45,45
aeolak_barrel_blueprint,风鸣 枪管 蓝图,4,5,5
primed_morphic_transformer,非晶变压器 Prime,35,40,49
akbolto_prime_barrel,螺钉双枪 Prime 枪管,5,6,6
primed_pressure_point,压迫点 Prime,45,49,49
akjagara_prime_link,觉醒双枪 Prime 连接器,5,5,7
vectis_prime_receiver,守望者 Prime 枪机,35,38,39
anemic_agility,乏能迅敏,5,5,5
aklex_prime_link,雷克斯双枪 Prime 连接器,25,26,30
arcane_acceleration,赋能·加速,4,5,6
blaze,烈焰,35,35,36
automatic_trigger,自动扳机,4,5,5
bomb_the_landin,轰炸落地,25,200
gara_prime_blueprint,Gara Prime 蓝图,25,35,40
boreals_contempt,诡文枭主之鄙,5,6,7
grinloked,精准火枪,15,20,55
cernos_prime_grip,西诺斯 Prime 弓身,6,6,6
itzal_set,刺影 一套,19,28,39
chroma_prime_chassis_blueprint,Chroma Prime 机体 蓝图,5,6,7
magnus_prime_set,麦格努斯 Prime 一套,40,45,45
critical_deceleration,降速暴击,7,7,7
odonata_prime_set,陨蜓 Prime 一套,40,40,40
deck_12_scene,12 号甲板场景,1,5,10
onkkos_command_post_scene,昂克的指挥所场景,25,39,70
rathbone_set,拉斯波恩 一套,49,50,60
diversified_denial,多元否认,5,8,10
secondary_wind,回气再起,65
equilibrium,均衡点,4,6,7
sporothrix_receiver,孢丝感染枪 枪机,29,33,34
gorgon_wraith_receiver,蛇发女妖·亡魂 枪机,3,3,4
wukong_prime_blueprint,Wukong Prime 蓝图,35,39,40
inaros_prime_blueprint,Inaros Prime 蓝图,4,4,5
ambulas_arena_simulacrum,Ambulas 竞技场幻影装置,35,60
inaros_prime_systems_blueprint,Inaros Prime 系统 蓝图,4,5,6
sabot_rounds,覆壳弹药,14,14,15
kogake_prime_boot,科加基 Prime 靴子,5,6,7
grendel_prime_set,Grendel Prime 一套,35,37,39
magazine_extension,扩充弹匣,3,4,5
nidus_prime_neuroptics_blueprint,Nidus Prime 头部神经光元 蓝图,39,40,40
malignant_force,致命火力,4,5,5
okina_prime_set,翁 Prime 一套,73,78,80
mecha_pulse,机甲 脉冲,5,5,5
strun_prime_set,斯特朗 Prime 一套,39,40,40
pangolin_prime_handle,鲮鲤剑 Prime 握柄,5,5,5
pistol_riven_mod_(veiled),手枪裂罅 Mod （尚未揭开）,5,5,5
valkyr_prime_chassis_blueprint,Valkyr Prime 机体 蓝图,38,40,40
sevagoth_prime_systems_blueprint,Sevagoth Prime 系统 蓝图,3,4,4
wisp_prime_set,Wisp Prime 一套,34,35,36
shred,撕裂,5,5,5
slip_magazine,串联弹匣,3,9,10
snipetron_vandal_blueprint,狙击特昂·破坏者 蓝图,4,5,5
gauss_prime_set,Gauss Prime 一套,30,32,36
venka_prime_gauntlet,凯旋之爪 Prime 手套,32,34,34
stahlta_stock,钢刃步枪 枪托,5,5,6
sybaris_prime_receiver,席芭莉丝 Prime 枪机,17,18,19
loki_prime_systems_blueprint,Loki Prime 系统 蓝图,30,30,30
vasto_prime_barrel,瓦斯托 Prime 枪管,6,7,7
dakra_prime_set,达克拉 Prime 一套,30,35,35
final_tap,最终一击,15,50
volcanic_edge,爆裂刀刃,5,5,5
hydroid_prime_systems_blueprint,Hydroid Prime 系统 蓝图,45,45,50
zakti_prime_receiver,毒芽 Prime 枪机,5,5,5
mara_detron,苦痛·德特昂,40,45,49
animal_instinct,动物本能,5,5,5
redeemer_prime_set,救赎者 Prime 一套,37,40,44
arcane_ultimatum,赋能·通牒,4,4,4
assault_mode,突击模式,3,3,8
atlantis_vulcan,深渊之火,3,3,3
revenant_prime_set,Revenant Prime 一套,35,38,40
afuris_prime_set,盗贼双枪 Prime 一套,36,38,38
atlas_prime_chassis_blueprint,Atlas Prime 机体 蓝图,4,4,5
primed_point_blank,抵近射击 Prime,35,40,40
ballistica_prime_receiver,布里斯提卡 Prime 枪机,3,4,4
shedu_set,舍杜 一套,39,40,40
boreals_hatred,诡文枭主之恨,5,5,5
the_abandoned_vessel_scene,废弃承载体场景,20,49,150
burston_prime_set,伯斯顿 Prime 一套,6,8,8
boltor_prime_set,螺钉步枪 Prime 一套,30,30,34
chroma_prime_blueprint,Chroma Prime 蓝图,5,5,5
collision_force,冲击巨力,3,3,3
arcane_energize,赋能·充沛,30,30,30
contagious_spread,传染蔓延,3,3,4
corinth_prime_receiver,科林斯 Prime 枪机,4,5,5
limbo_prime_chassis_blueprint,Limbo Prime 机体 蓝图,43,44,50
decisive_judgement,果断裁决,2,4,5
sporothrix_barrel,孢丝感染枪 枪管,35,39,40
eagle_eye,鹰眼,2,4,4
vauban_prime_neuroptics_blueprint,Vauban Prime 头部神经光元 蓝图,30,30,30
efficient_transferral,高效传输,5,5,6
agkuza_set,驯象钩刃 一套,50,59,150
electromagnetic_shielding,电磁屏障,5,10,10
secura_penta,保障·潘塔,35,35,40
energy_nexus,能量枢纽,4,4,5
epitaph_blueprint,葬铭 蓝图,5,5,6
euphona_prime_receiver,悦音 Prime 枪机,40,40,55
epitaph_receiver,葬铭 枪机,4,7,7
nyx_prime_neuroptics_blueprint,Nyx Prime 头部神经光元 蓝图,40,44,45
primed_deadly_efficiency,致命效率 Prime,45,50,51
evasive_denial,推诿否认,9,10,10
rauta_set,锐铁 一套,27,29,30
expel_the_murmur,驱逐低语者,3,3,3
redeemer_prime_handle,救赎者 Prime 握柄,30,34,35
focused_prospectus,重点招股,6,10,10
furax_wraith_left_gauntlet,弗拉克斯·亡魂 左拳套,4,5,5
soma_prime_stock,月神 Prime 枪托,17,18,19
galeforce_dawn,狂风压境,4,4,4
winding_isles_scene,曲径群岛场景,20,24,30
gram_prime_blueprint,格拉姆 Prime 蓝图,5,6,9
dual_keres_prime_set,凯瑞斯双刀 Prime 一套,39,40,40
hunter_track,猎人 追踪,5,5,5
galatine_prime_set,迦伦提恩 Prime 一套,40,44,49
hunters_bonesaw,猎人骨锯,4,7,7
omega_beacon,Omega 信标,20,50,100
karyst_prime_blueprint,凯洛斯特 Prime 蓝图,4,4,4
kavasa_prime_band,喀婆萨 Prime 项圈带,4,5,5
laser_sight,雷射瞄具,4,4,4
primed_heavy_trauma,重创 Prime,25,30,30
link_fiber,链接纤维,5,5,5
secura_lecta,保障·勒克塔,30,35,40
link_redirection,链接蓄能,4,4,4
kronen_prime_blade,皇家拐刃 Prime 刀刃,25,27,30
mandonel_receiver,辐光弩炮 枪机,4,5,5
sancti_castanas,圣洁·雷爆信镖,10,29,30
maul,捶击,4,5,5
synoid_heliocor,枢议·赫利俄光锤,24,28,30
melee_guidance,近战指引,5,6,7
acceltra_prime_set,迅发电浆炮 Prime 一套,35,37,38
melee_influence,近战·侵染,4,4,4
bullet_dance,刀锋弹舞,30,30,31
meteor_crash,流星撞击,4,5,8
molt_augmented,蜕化·升腾,4,4,5
dizzying_rounds,晕眩弹药,20,25,29
nagantaka_prime_stock,噬蛇弩 Prime 枪托,3,3,3
ivara_prime_chassis_blueprint,Ivara Prime 机体 蓝图,29,32,35
nebula_bore,星云钻孔,3,3,4
onorix_set,奥努里克斯 一套,49,59,60
sancti_tigris,圣洁·猛虎,25,32,35
nidus_prime_blueprint,Nidus Prime 蓝图,4,5,5
astilla_prime_set,碎裂者 Prime 一套,20,32,33
epitaph_prime_receiver,葬铭 Prime 枪机,24,24,25
octavia_prime_neuroptics_blueprint,Octavia Prime 头部神经光元 蓝图,4,5,5
out_of_sight,视野之外,4,5,5
nami_skyla_prime_blade,海波斯库拉对剑 Prime 刀刃,24,27,28
pangolin_prime_blade,鲮鲤剑 Prime 刀刃,5,7,7
ambassador_set,使节 一套,30,30,34
panthera_prime_blueprint,猎豹 Prime 蓝图,5,5,6
nekros_prime_systems_blueprint,Nekros Prime 系统 蓝图,35,35,35
panthera_prime_stock,猎豹 Prime 枪托,5,6,6
rakta_dark_dagger,绯红·暗黑匕首,29,30,30
voidrig_weapon_pod,虚空锐将 武器舱,37,39,40
parallax_engines_blueprint,星察引擎 蓝图,3,4,4
pathogen_rounds,病原弹头,4,4,5
aeolak_receiver_blueprint,风鸣 枪机 蓝图,24,24,26
corvas_prime_set,黑鸦 Prime 一套,35,37,38
perigale_set,月面狂风 一套,4,4,5
dethcube_prime_cerebrum,死亡魔方 Prime 头部,34,34,34
pistol_elementalist,手枪元素师,6,7,7
prisma_dual_cleavers,棱晶·斩肉双刀,40,40,45
sancti_magistar,圣洁·执法者,29,30,30
sybaris_prime_barrel,席芭莉丝 Prime 枪管,59,59,60
pistol_pestilence,瘟疫手枪,4,4,5
pointed_wind,尖锐之风,6,7,7
synoid_simulor,枢议·重力奇点拟成枪,28,30,33
primary_exhilarate,主要·激昂,3,3,4
latron_wraith_stock,拉特昂·亡魂 枪托,9,10,10
protea_prime_neuroptics_blueprint,Protea Prime 头部神经光元 蓝图,6,7,7
primed_cleanse_corpus,净化 Corpus Prime,30,30,33
secura_dual_cestra,保障·锡斯特双枪,34,35,38
rage,狂暴化,7,8,8
growing_power,成长之力,35,35,35
rhino_prime_chassis_blueprint,Rhino Prime 机体 蓝图,5,5,5
vome_invocation,Vome 神祈,30,30,32
boar_prime_barrel,野猪 Prime 枪管,16,18,18
rhino_prime_systems_blueprint,Rhino Prime 系统 蓝图,5,7,7
bane_of_corrupted,灭亡 Orokin,24,45,45
rifle_ammo_mutation,步枪弹药转换,5,5,6
corvas_set,黑鸦 一套,35,39,40
rubico_prime_receiver,绝路 Prime 枪机,4,4,4
destreza_prime_set,技巧之剑 Prime 一套,45,45,49
saryn_prime_systems_blueprint,Saryn Prime 系统 蓝图,6,7,7
seeker,弹头导引,2,3,3
exodia_brave,神威·勇武,7,8,9
mortal_conduct,垂死挣扎,55
self_destruct,自爆,4,4,5
rail_guards,护轨器,10,12,45
semi_pistol_cannonade,半自动手枪炮轰,4,4,4
rauta_receiver,锐铁 枪机,15,15,15
red_veil_temple_simulacrum,血色面纱神庙幻影装置,40,50,50
shepherd,牧羊人,4,8,8
volt_prime_neuroptics_blueprint,Volt Prime 头部神经光元 蓝图,39,39,40
shotgun_riven_mod_(veiled),霰弹枪裂罅 Mod （尚未揭开）,4,4,4
wyrm_prime_systems,蛟龙 Prime 系统,34,34,35
inertia_dampeners,惯性减震,14,15,20
spira_prime_blueprint,旋刃飞刀 Prime 蓝图,3,4,5
panzer_vulpaphyla_imprint,铁甲狐帕菲拉 基因印记,21,23,25
spring_loaded_chamber,簧压膛室,7,8,10
equinox_prime_systems_blueprint,Equinox Prime 系统 蓝图,30,35,35
stalk,隐密追踪,3,4,5
stropha_blade,诡计之刃 刀刃,5,5,5
aeolak_stock_blueprint,风鸣 枪托 蓝图,29,29,29
necramech_rage,殁世机甲 狂暴化,10,13,14
strun_prime_stock,斯特朗 Prime 枪托,5,5,5
sybaris_prime_blueprint,席芭莉丝 Prime 蓝图,12,14,14
octavia_prime_blueprint,Octavia Prime 蓝图,35,35,36
rauta_barrel,锐铁 枪管,10,14,15
tiberon_prime_receiver,狂鲨 Prime 枪机,4,4,4
tigris_prime_stock,猛虎 Prime 枪托,5,5,5
sicarus_prime_set,暗杀者 Prime 一套,58,59,59
toxic_barrage,毒素弹幕,3,4,4
synoid_gammacor,枢议·咖玛腕甲枪,24,25,25
twirling_spire,回转尖峰,4,6,10
vasto_prime_blueprint,瓦斯托 Prime 蓝图,3,4,4
telos_boltace,终极·螺钉拐刃,20,25,30
vasto_prime_receiver,瓦斯托 Prime 枪机,5,6,6
akjagara_prime_barrel,觉醒双枪 Prime 枪管,19,20,20
vigor,活力,4,5,5
ballista_measure,弩炮测距,8,9,13
virtuos_fury,正直·狂怒,5,5,5
ninkondi_prime_handle,降灵追猎者 Prime 握柄,19,25,25
wukong_prime_neuroptics_blueprint,Wukong Prime 头部神经光元 蓝图,4,5,5
rubico_prime_blueprint,绝路 Prime 蓝图,20,20,25
akarius_prime_barrel,阿利乌双枪 Prime 枪管,5,5,5
spira_prime_pouch,旋刃飞刀 Prime 镖袋,22,22,29
akimbo_slip_shot,双枪·滑射,3,3,4
amars_hatred,欺谋狼主之恨,4,4,4
telos_akbolto,终极·螺钉双枪,23,24,25
thundermiter,雷电米特尔,15,15,29
ammo_stock,霰弹扩充,3,3,3
tipedo_prime_handle,提佩多 Prime 握柄,28,29,30
arcane_eruption,赋能·爆发,4,4,4
peculiar_audience,观众怪奇,20,24,25
arcane_power_ramp,赋能·力升,4,4,4
protea_prime_chassis_blueprint,Protea Prime 机体 蓝图,20,21,21
arcane_strike,赋能·速攻,5,5,5
primed_charged_shell,充电弹头 Prime,44,45,45
arcane_tanker,赋能·坦克,4,4,5
rakta_cernos,绯红·西诺斯,25,30,35
barrel_diffusion,弹头扩散,2,4,5
aero_agility,空飞 灵巧,50,50,50
blackout_pulse,熄扰脉冲,3,5,5
blood_for_life,血易生命,4,4,4
carrier_prime_systems,搬运者 Prime 系统,7,8,9
catalyzer_link,触媒连动,4,4,5
bonewidow_weapon_pod,骨骸寡妇 武器舱,20,25,30
galatine_prime_blueprint,迦伦提恩 Prime 蓝图,30,30,32
coolant_leak,冷却液外泄,5,5,10
crash_course,连续冲击,4,4,4
nagantaka_prime_set,噬蛇弩 Prime 一套,25,28,28
creeping_bullseye,匍匐靶心,5,7,7
pyrana_prime_blueprint,食人鱼 Prime 蓝图,21,24,25
dual_keres_prime_blade,凯瑞斯双刀 Prime 刀刃,4,4,4
scindo_prime_set,分裂斩斧 Prime 一套,29,35,35
equilibrium_audit,均衡审计,5,5,5
seismic_bond,震撼连结,24,25,25
equinox_prime_neuroptics_blueprint,Equinox Prime 头部神经光元 蓝图,5,5,5
euphona_prime_barrel,悦音 Prime 枪管,5,5,5
sheev_set,希芙 一套,15,15,16
wyrm_prime_cerebrum,蛟龙 Prime 头部,20,20,20
firestorm,烈焰风暴,3,4,4
elytron_set,鞘翅 一套,28,30
gladiator_finesse,角斗士 灵巧,3,4,4
guandao_prime_blueprint,关刀 Prime 蓝图,4,5,5
latron_prime_blueprint,拉特昂 Prime 蓝图,25,25,26
harrow_prime_chassis_blueprint,Harrow Prime 机体 蓝图,7,7,8
static_alacrity,活泼静电,10,11,400
harrow_prime_neuroptics_blueprint,Harrow Prime 头部神经光元 蓝图,5,5,5
stradavar_prime_set,斯特拉迪瓦 Prime 一套,29,30,34
hastened_deflection,急速偏斜,5,5,5
volnus_prime_set,创伤 Prime 一套,25,29,29
helios_prime_blueprint,赫利俄斯 Prime 蓝图,5,5,5
helios_prime_carapace,赫利俄斯 Prime 外壳,3,3,4
aksomati_prime_link,轻灵月神双枪 Prime 连接器,32,35,37
hunter_command,猎人 命令,4,4,4
crescent_vulpaphyla_imprint,月刃狐帕菲拉 基因印记,20,20,20
inaros_prime_chassis_blueprint,Inaros Prime 机体 蓝图,3,4,4
gunsen_prime_set,军扇 Prime 一套,23,24,28
lethal_momentum,致命动量,4,4,5
magus_husk,魔导·外壳,5,5,8
lex_prime_set,雷克斯 Prime 一套,4,5,6
pandero_prime_set,手鼓 Prime 一套,25,25,27
magnus_prime_blueprint,麦格努斯 Prime 蓝图,4,5,5
prism_guard,棱镜护卫,25,29,29
magus_cloud,魔导·游云,5,5,5
rakta_ballistica,绯红·布里斯提卡,25,25,28
mandonel_stock,辐光弩炮 枪托,4,5,5
ash_prime_systems_blueprint,Ash Prime 系统 蓝图,30,30,30
melee_animosity,近战·憎恶,3,4,4
khora_prime_neuroptics_blueprint,Khora Prime 头部神经光元 蓝图,25,25,26
melee_exposure,近战·暴露,3,3,4
nautilus_prime_blueprint,鹦鹉螺 Prime 蓝图,14,18,18
mirage_prime_neuroptics_blueprint,Mirage Prime 头部神经光元 蓝图,6,8,8
destreza_prime_blade,技巧之剑 Prime 刀刃,26,27,29
molt_efficiency,蜕化·效能,4,4,4
ember_prime_blueprint,Ember Prime 蓝图,25,28,28
necramech_stretch,殁世机甲 延伸,5,5,5
titania_prime_systems_blueprint,Titania Prime 系统 蓝图,37,39,40
odonata_prime_blueprint,陨蜓 Prime 蓝图,7,7,8
banshee_prime_chassis_blueprint,Banshee Prime 机体 蓝图,20,24,25
odonata_prime_systems_blueprint,陨蜓 Prime 系统 蓝图,5,5,6
gram_prime_set,格拉姆 Prime 一套,30,30,30
pandero_prime_blueprint,手鼓 Prime 蓝图,3,4,4
inaros_prime_neuroptics_blueprint,Inaros Prime 头部神经光元 蓝图,30,32,34
phantasma_prime_receiver,幻离子 Prime 枪机,2,3,4
karak_wraith_stock,卡拉克·亡魂 枪托,10,11,12
pistol_ammo_mutation,手枪弹药转换,3,5,6
kavats_grace,库娃的优雅,28,35,40
pistol_amp,手枪增幅,5,5,5
oberon_prime_neuroptics_blueprint,Oberon Prime 头部神经光元 蓝图,24,25,25
power_drift,力量窜升,5,5,5
scourge_prime_barrel,祸根 Prime 枪管,20,20,25
primary_obstruct,主要·滞阻,2,4,4
silva_and_aegis_prime_guard,席瓦 & 神盾 Prime 护手,14,15,15
proboscis,长吻,5,9,19
phantasma_prime_set,幻离子 Prime 一套,25,29,29
rift_strike,裂缝打击,5,5,5
savagery,野蛮压制,3,4,4
vaykor_hek,勇气·海克,19,20,20
seeking_force,穿透力,4,4,4
augur_secrets,预言 神密,20,22,24
odonata_prime_wings_blueprint,陨蜓 Prime 机翼 蓝图,17,24,25
shelter,庇护,4,4,4
rime_rounds,白霜弹头,30,30,30
silva_and_aegis_prime_blueprint,席瓦 & 神盾 Prime 蓝图,5,5,5
smite_infested,毁灭 Infested,2,3,3
tekko_prime_blade,铁钩手甲 Prime 刀刃,20,20,25
smite_the_murmur,毁灭低语者,4,4,5
soma_prime_blueprint,月神 Prime 蓝图,5,5,7
cernos_prime_lower_limb,西诺斯 Prime 下弓臂,25,29,30
corufell_set,闪劫 一套,20,20,20
sovereign_outcast,至尊浪人,5,5,5
fabrica_anatomica_scene,解剖构造场景,49
harrows_temple_scene,Harrow 神庙场景,30,200
stradavar_prime_receiver,斯特拉迪瓦 Prime 枪机,3,4,4
hydraulic_chamber,液压枪膛,10,90
synth_charge,合成 充能,5,5,5
kavasa_prime_buckle,喀婆萨 Prime 项圈扣,10,14,15
tek_gravity,技法 引力,4,4,5
odomedic,气息疗愈,25,35,50
theorem_infection,定理·感染,4,4,10
vectis_prime_blueprint,守望者 Prime 蓝图,5,5,6
venka_prime_blades,凯旋之爪 Prime 爪刃,6,7,8
sly_devolution,狡黠回溯,12,180
venomous_clip,恶毒弹匣,4,4,4
tactical_retreat,战术性撤退,15
vigilante_pursuit,私法 追踪,4,4,4
vaykor_sydon,勇气·恶龙,20,21,23
acceltra_prime_receiver,迅发电浆炮 Prime 枪机,4,4,5
amars_anguish,欺谋狼主之苦,4,4,5
arum_spinosa_guard,疆南星刺 护手,20,25,30
arcane_primary_charger,赋能·主武充能,4,4,4
covert_bond,隐蔽连结,15,18,20
arcane_pulse,赋能·生机,3,4,4
kavasa_prime_kubrow_collar_set,喀婆萨 Prime 库狛项圈 一套,29,30,30
arum_spinosa_blueprint,疆南星刺 蓝图,3,4,5
pangolin_prime_set,鲮鲤剑 Prime 一套,20,20,28
astilla_prime_receiver,碎裂者 Prime 枪机,4,5,5
peculiar_bloom,花开怪奇,15,20,24
bane_of_the_murmur,灭亡低语者,4,4,4
boltor_prime_stock,螺钉步枪 Prime 枪托,5,5,6
primed_cleanse_corrupted,净化 Orokin Prime,29,45,50
dethcube_prime_systems,死亡魔方 Prime 系统,4,5,5
strun_wraith_receiver,斯特朗·亡魂 枪机,11,12,12
dual_kamas_prime_blueprint,双短柄战镰 Prime 蓝图,5,6,6
duplex_bond,双影连结,20,20,23
dual_keres_prime_handle,凯瑞斯双刀 Prime 握柄,4,5,5
wolf_sledge_motor,恶狼战锤马达,25,33,34
fang_prime_blade,狼牙 Prime 刀刃,2,2,3
dual_rounds,双重弹头,28,29,30
fire_suppression,火势抑制,3,3,5
knell_prime_set,丧钟 Prime 一套,20,25,25
focus_energy,聚焦能量,6,6,6
furax_wraith_blueprint,弗拉克斯·亡魂 蓝图,3,3,4
vasto_prime_set,瓦斯托 Prime 一套,20,20,23
galatine_prime_blade,迦伦提恩 Prime 刀刃,5,5,5
archon_stretch,执刑官 延伸,20,25,25
contagious_bond,传染连结,20,24,25
gauss_prime_chassis_blueprint,Gauss Prime 机体 蓝图,5,5,5
glacial_edge,冰冷刃缘,3,4,5
eidolon_madurai_lens,夜灵 Mardurai 晶体,24,25,28
gorgon_wraith_barrel,蛇发女妖·亡魂 枪管,4,4,5
ordnance_velocity,火炮速度,25,25,28
hunter_adrenaline,猎人 肾上腺素,3,4,4
trail_blazer,轨上燃焰,10,15,20
zakti_prime_set,毒芽 Prime 一套,20,25,25
khora_prime_chassis_blueprint,Khora Prime 机体 蓝图,4,4,4
archon_intensify,执刑官 聚精会神,23,25,25
kogake_prime_blueprint,科加基 Prime 蓝图,4,5,6
exodia_valor,神威·勇猛,9,10,78
lightning_dash,电光冲刺,4,5,5
magus_nourish,魔导·滋养,4,5,5
loki_prime_chassis_blueprint,Loki Prime 机体 蓝图,20,20,20
morphic_transformer,非晶变压器,4,4,4
nagantaka_prime_barrel,噬蛇弩 Prime 枪管,4,5,5
melee_duplicate,近战·刃影,16,18,18
narrow_barrel,狭窄枪膛,3,3,3
mesa_prime_neuroptics_blueprint,Mesa Prime 头部神经光元 蓝图,20,25,25
necramech_reach,殁世机甲 剑风,4,7,10
oberon_prime_systems_blueprint,Oberon Prime 系统 蓝图,20,20,22
transfusion,血注,10,15,49
nezha_prime_systems_blueprint,Nezha Prime 系统 蓝图,3,5,5
vaykor_marelok,勇气·玛瑞火枪,23,24,25
overloader,超量载弹,3,3,3
karyst_prime_set,凯洛斯特 Prime 一套,24,24,24
phoenix_blaze,凤凰烈焰,2,3,4
nidus_prime_chassis_blueprint,Nidus Prime 机体 蓝图,17,20,20
redeemer_prime_blade,救赎者 Prime 刀刃,5,5,5
sly_vulpaphyla_imprint,狡黠狐帕菲拉 基因印记,20,29,50
strain_eruption,菌株 爆裂,50,55,55
repeater_clip,转轮弹匣,5,7,10
baruuk_prime_set,Baruuk Prime 一套,29,29,29
resolute_focus,坚决专注,4,4,4
glaive_prime_blueprint,战刃 Prime 蓝图,20,20,22
scindo_prime_blueprint,分裂斩斧 Prime 蓝图,5,7,7
mending_shot,补愈射击,20,30,35
shatter_burst,碎裂爆破,3,3,4
peculiar_growth,生长怪奇,30,30,30
silent_battery,寂静炮组,5,7,8
sudden_impact,瞬间冲击,3,3,3
restorative_bond,恢复连结,15,16,18
tenora_prime_blueprint,双簧管 Prime 蓝图,2,3,4
vigilante_supplies,私法 补给,18,20,20
tigris_prime_barrel,猛虎 Prime 枪管,3,4,5
nitro_boost,氮气喷射,13,18,20
vacuum,吸取,2,3,4
sacrifice,牺牲,25,26,27
vengeful_revenant,复仇亡灵,4,4,4
final_act,搏命反扑
venka_prime_blueprint,凯旋之爪 Prime 蓝图,5,5,5
latron_wraith_receiver,拉特昂·亡魂 枪机,15,15,15
vigilante_armaments,私法 军备,3,5,5
momentous_bond,重大连结,14,14,15
wisp_prime_neuroptics_blueprint,Wisp Prime 头部神经光元 蓝图,4,4,5
zenurik_lens,Zenurik 晶体,5,5,5
mystic_bond,神秘连结,17,18,19
zhuge_prime_grip,诸葛连弩 Prime 弓身,4,4,5
vectis_prime_stock,守望者 Prime 枪托,13,13,14
aero_vantage,空飞 俯瞰,3,3,4
akbolto_prime_receiver,螺钉双枪 Prime 枪机,19,20,20
aksomati_prime_blueprint,轻灵月神双枪 Prime 蓝图,5,6,6
akstiletto_prime_receiver,史提托双枪 Prime 枪机,18,19,19
draining_bite,吸血噬咬,15,18,19
aksomati_prime_receiver,轻灵月神双枪 Prime 枪机,5,6,6
piercing_caliber,穿甲口径,22,23,29
amars_contempt,欺谋狼主之鄙,4,4,4
ammo_chain,弹链,3,4,4
primed_ravage,破灭 Prime,30,35,36
ankyros_prime_blueprint,甲龙双拳 Prime 蓝图,3,4,4
snipetron_vandal_stock,狙击特昂·破坏者 枪托,10,15,29
antitoxin,毒抗,4,4,4
sonic_boost,声波提升,10,13,14
arcane_arachne,赋能·蜘蛛,4,4,4
telos_boltor,终极·螺钉步枪,19,22,25
twin_vipers_wraith_receivers,双子蝰蛇·亡魂 枪机,13,13,14
arcane_rage,赋能·愤怒,4,4,4
clip_delegation,弹能过继,35,40,40
expel_corrupted,驱逐 Orokin,19,40,45
argon_scope,氩晶瞄具,3,3,4
necramech_repair,殁世机甲 修复,19,20,25
astilla_prime_blueprint,碎裂者 Prime 蓝图,5,5,9
stropha_set,诡计之刃 一套,19,20,20
banshee_prime_blueprint,Banshee Prime 蓝图,4,5,5
tandem_bond,串联连结,17,17,18
the_cold_below_scene,幽寒归处场景,7,20,50
baruuk_prime_systems_blueprint,Baruuk Prime 系统 蓝图,3,3,3
archon_flow,执刑官 川流不息,24,25,25
berserker_fury,嗜血 狂暴,4,4,5
soaring_strike,上升打击,20
banshee_prime_systems_blueprint,Banshee Prime 系统 蓝图,17,20,20
boltor_prime_receiver,螺钉步枪 Prime 枪机,4,4,5
eidolon_naramon_lens,夜灵 Naramon 晶体,15,15,15
boreals_anguish,诡文枭主之苦,3,4,4
conductive_blade,通电刀刃,3,3,4
eidolon_vazarin_lens,夜灵 Vazarin 晶体,20,20,20
eidolon_zenurik_lens,夜灵 Zenurik 晶体,20,20,25
deep_freeze,深层冷冻,8,9,10
khora_prime_blueprint,Khora Prime 蓝图,10,19,19
destreza_prime_blueprint,技巧之剑 Prime 蓝图,3,3,4
smeeta_kavat_imprint,笑面型库娃 基因印记,17,17,18
dethcube_prime_carapace,死亡魔方 Prime 外壳,3,3,4
equinox_prime_chassis_blueprint,Equinox Prime 机体 蓝图,3,3,4
aerial_ace,空中制霸,19,20,21
ferocity,凶恶终结,3,4,4
akmagnus_prime_blueprint,麦格努斯双枪 Prime 蓝图,25,30,30
flow_burn,热流涌动,3,3,3
archon_continuity,执刑官 持久力,22,24,25
forward_artillery,前装光能炮,4,4,5
archon_vitality,执刑官 生命力,19,24,25
furor,狂怒,3,4,4
exodia_might,神威·力量,10,65,88
galatine_prime_handle,迦伦提恩 Prime 握柄,4,5,5
magnus_prime_barrel,麦格努斯 Prime 枪管,24,28,30
gara_prime_systems_blueprint,Gara Prime 系统 蓝图,3,4,4
volt_prime_blueprint,Volt Prime 蓝图,24,25,25
garuda_prime_chassis_blueprint,Garuda Prime 机体 蓝图,3,3,4
bhisaj_bal,治愈羽箭,30,39,39
glaive_prime_blade,战刃 Prime 刀刃,19,19,19
gauss_prime_neuroptics_blueprint,Gauss Prime 头部神经光元 蓝图,4,4,4
nekros_prime_neuroptics_blueprint,Nekros Prime 头部神经光元 蓝图,20,22,23
gladiator_aegis,角斗士 圣盾,4,4,4
nikana_prime_blade,侍刃 Prime 刀刃,19,19,20
viral_quills,疫病尖刺,12,14,15
gladiator_rush,角斗士 猛突,2,4,4
weeping_wounds,创口溃烂,19,20,20
gorgon_wraith_blueprint,蛇发女妖·亡魂 蓝图,3,3,4
hildryn_prime_set,Hildryn Prime 一套,20,20,20
gram_prime_blade,格拉姆 Prime 刀刃,5,5,5
steflos_set,石晶之花 一套,14,15,15
hikou_prime_blueprint,飞扬 Prime 蓝图,4,4,4
jugulus_carapace,喉骨刃者 壳甲,14,15,15
homing_fang,连牙追袭,3,3,3
hunter_recovery,猎人 复元,4,4,4
nekros_prime_blueprint,Nekros Prime 蓝图,18,22,24
wolf_sledge_blueprint,恶狼战锤 蓝图,30,30,40
hunter_synergy,猎人 协力,4,4,5
catalyzing_shields,催化护盾,20,20,23
kronen_prime_blueprint,皇家拐刃 Prime 蓝图,2,2,3
chroma_prime_neuroptics_blueprint,Chroma Prime 头部神经光元 蓝图,17,17,17
madurai_lens,Madurai 晶体,3,3,4
cleanse_corrupted,净化 Orokin,30,30,45
magus_aggress,魔导·侵略,3,4,4
dantes_retreat_scene,Dante 的隐居处场景,15,20,24
extreme_velocity,极限加速,13,21,24
kill_switch,屠戮换弹,15,30,150
maiming_strike,致残突击,4,4,4
manifold_bond,多种连结,14,15,17
nautilus_prime_systems,鹦鹉螺 Prime 系统,16,16,18
mandonel_barrel,辐光弩炮 枪管,4,4,5
necramech_refuel,殁世机甲 燃料补给,15,18,30
mantis_avionics_blueprint,Mantis 飞航系统 蓝图,2,3,3
nezha_prime_chassis_blueprint,Nezha Prime 机体 蓝图,16,19,20
masters_edge,宗师锐势,4,5,5
pharaoh_predasite_imprint,法老扑猎达赛 基因印记,20,20,20
quellor_blueprint,压制者 蓝图,19,19,20
melee_afflictions,Melee Afflictions,4,4,4
strain_infection,菌株 感染,29,30,30
motus_setup,跃动 设局,4,4,4
swing_line,摆荡钩索,12,13,18
necramech_blitz,殁世机甲 闪击,2,5,5
nezha_prime_blueprint,Nezha Prime 蓝图,4,5,5
vauban_prime_chassis_blueprint,Vauban Prime 机体 蓝图,18,20,20
ninkondi_prime_blueprint,降灵追猎者 Prime 蓝图,4,5,5
velox_prime_set,逐电 Prime 一套,19,20,20
okina_prime_handle,翁 Prime 握柄,6,7,11
vicious_bond,凶恶连结,20,24,24
orgone_tuning_matrix,能量调谐矩阵,3,4,5
zazvat_kar,无尽弹雨,12,16,25
parallax_avionics_blueprint,星察飞航系统 蓝图,4,5,5
astilla_prime_barrel,碎裂者 Prime 枪管,10,10,12
parallax_fuselage_blueprint,星察机身 蓝图,3,4,4
bo_prime_ornament,玻之武杖 Prime 饰物,19,20,20
proton_snap,质子 猛扑,3,3,3
boar_prime_receiver,野猪 Prime 枪机,9,12,14
quick_thinking,随机应变,5,5,5
corvas_prime_barrel,黑鸦 Prime 枪管,13,14,14
rapid_resilience,极速复元,3,4,4
dethcube_prime_blueprint,死亡魔方 Prime 蓝图,15,16,17
dorma_hound_blueprint,铎玛猎犬 蓝图,20,20,28
redeemer_prime_blueprint,救赎者 Prime 蓝图,2,3,3
grendel_neuroptics_locator,Grendel 头部神经光元定位装置,15,18,18
hata_satya,真实击杀,25,30,35
residual_malodor,残差·恶嗅,2,2,3
residual_shock,残差·电击,3,4,4
hysterical_assault,狂化突击,15,18,20
revenant_prime_systems_blueprint,Revenant Prime 系统 蓝图,5,5,5
scavenge,搜集,2,3,5
latron_prime_receiver,拉特昂 Prime 枪机,18,18,18
scourge_prime_handle,祸根 Prime 握柄,3,3,4
sequence_burn,延烧数列,7,9,10
shimmering_blight,飞光荒疫,2,3,4
spectra_vandal_handle,光谱切割器·破坏者 握柄,11,15,15
spira_prime_blade,旋刃飞刀 Prime 刀刃,13,13,15
sicarus_prime_blueprint,暗杀者 Prime 蓝图,6,6,9
slicing_feathers,割裂羽翼,3,4,4
tempo_royale,皇家节奏,8,9,10
venerdo_hoverdrive,启明物悬浮驱动,13,15,20
spoiled_strike,腐坏打击,3,3,4
vermillion_storm,朱红暴风,12,14,15
voidrig_capsule,虚空锐将 机舱,20,20,22
stropha_barrel,诡计之刃 枪管,5,5,5
voidrig_casing,虚空锐将 外壳,19,20,20
strun_prime_receiver,斯特朗 Prime 枪机,4,4,4
volnus_prime_handle,创伤 Prime 握柄,17,19,19
theorem_demulcent,定理·缓和,3,3,3
zakti_prime_blueprint,毒芽 Prime 蓝图,12,12,12
tipedo_prime_blueprint,提佩多 Prime 蓝图,4,5,5
tranquil_cleave,秋风落叶,4,4,4
boar_prime_blueprint,野猪 Prime 蓝图,12,12,12
unleashed,释放,3,4,5
cedo_set,塞多 一套,15,18,18
grendel_prime_systems_blueprint,Grendel Prime 系统 蓝图,19,19,20
virtuos_null,正直·空无,4,4,5
hydroid_prime_neuroptics_blueprint,Hydroid Prime 头部神经光元 蓝图,14,15,15
virulent_scourge,剧毒灾害,4,4,4
latron_prime_stock,拉特昂 Prime 枪托,15,15,16
vital_sense,弱点感应,4,5,5
nautilus_blueprint,鹦鹉螺 蓝图,10,10,10
volnus_prime_head,创伤 Prime 锤头,4,4,5
oull,Oull,15,15,15
waveband_disruptor,波段干扰,3,3,3
pandero_prime_receiver,手鼓 Prime 枪机,15,16,17
zephyr_prime_neuroptics_blueprint,Zephyr Prime 头部神经光元 蓝图,4,4,5
pop_top,瞬满,15,19,55
arcane_bodyguard,赋能·卫士,5,6,10
quick_escape,迅逃夭,15,15,35
arcane_ice_storm,赋能·冰暴,4,4,4
arcane_resistance,赋能·抗毒,3,3,4
reinforced_bond,强固连结,12,15,15
snipetron_vandal_barrel,狙击特昂·破坏者 枪管,7,8,9
astilla_prime_stock,碎裂者 Prime 枪托,3,4,5
atlas_prime_systems_blueprint,Atlas Prime 系统 蓝图,3,4,4
soma_prime_receiver,月神 Prime 枪机,9,10,10
spectra_vandal_barrel,光谱切割器·破坏者 枪管,15,15,15
augur_message,预言 启示,4,4,5
tek_assault,技法 猛袭,15,17,17
augur_pact,预言 契约,3,4,4
tigris_prime_blueprint,猛虎 Prime 蓝图,20,20,21
bane_of_infested,灭亡 Infested,3,3,3
baza_prime_receiver,苍鹰 Prime 枪机,3,3,4
voidrig_engine,虚空锐将 引擎,19,20,20
broken_war_set,破碎的战争之剑 一套,4,4,5
brutal_tide,残暴浪潮,2,2,3
wyrm_prime_carapace,蛟龙 Prime 外壳,14,15,16
cernos_prime_blueprint,西诺斯 Prime 蓝图,4,4,5
aerial_bond,空中连结,14,14,16
continuity,持久力,2,2,3
akmagnus_prime_link,麦格努斯双枪 Prime 连接器,25,28,29
corvas_prime_blueprint,黑鸦 Prime 蓝图,3,3,4
athodai_barrel,阿索代 枪管,17,19,24
crowd_dispersion,人群驱散,2,3,3
defiled_snapdragon,积秽骁龙,3,3,4
frost_prime_chassis_blueprint,Frost Prime 机体 蓝图,12,13,15
grendel_chassis_locator,Grendel 机体定位装置,15,18,19
disruptor,冲击干扰,3,3,8
enduring_affliction,长时苦难,2,3,4
grendel_systems_locator,Grendel 系统定位装置,19,19,19
knell_prime_barrel,丧钟 Prime 枪管,18,19,20
expel_corpus,驱逐 Corpus,4,4,5
loot_detector,战利品探测器,18,20,20
flailing_branch,多流抽击,3,3,3
mag_prime_systems_blueprint,Mag Prime 系统 蓝图,14,18,19
full_contact,全面接触,3,3,4
mesa_prime_systems_blueprint,Mesa Prime 系统 蓝图,17,20,20
gladiator_resolve,角斗士 决心,3,3,4
nezha_prime_neuroptics_blueprint,Nezha Prime 头部神经光元 蓝图,14,17,18
gorgon_wraith_stock,蛇发女妖·亡魂 枪托,3,3,4
pennant_blueprint,尖幡 蓝图,18,19,20
khora_prime_systems_blueprint,Khora Prime 系统 蓝图,3,4,4
knell_prime_receiver,丧钟 Prime 枪机,2,3,4
saryn_prime_blueprint,Saryn Prime 蓝图,22,23,24
lingering_torment,恒久折磨,3,5,10
tenora_prime_receiver,双簧管 Prime 枪机,15,15,15
magus_elevate,魔导·振奋,4,4,4
astral_bond,星界连结,9,13,13
mantis_engines_blueprint,Mantis 引擎 蓝图,3,5,5
brief_respite,快速休整,15,15,15
modified_munitions,弹药改良,5,5,7
dera_vandal_stock,德拉·破坏者 枪托,18,21,23
necramech_redirection,殁世机甲 蓄能重划,3,4,4
scimitar_set,Scimitar 一套,19,19,19
secondary_outburst,次要·爆发,13,15,15
parry,招架,3,4,10
ballistica_prime_blueprint,布里斯提卡 Prime 蓝图,14,15,15
perpetual_agony,永恒苦痛,2,3,3
ember_prime_neuroptics_blueprint,Ember Prime 头部神经光元 蓝图,12,14,14
polar_magazine,极地弹仓,3,3,4
enemy_radar,侦敌雷达,15,15,17
precision_intensify,集中 聚精会神,4,5,5
fulmin_prime_set,雷霆 Prime 一套,17,18,19
protective_shots,防护射击,3,3,3
karak_wraith_barrel,卡拉克·亡魂 枪管,12,12,12
pummel,强力猛击,3,3,3
loki_prime_neuroptics_blueprint,Loki Prime 头部神经光元 蓝图,15,15,18
quickdraw,持续火力,3,4,5
necramech_augur,殁世机甲 预言,14,15,19
quicklock,快速锁定,3,3,3
photon_repeater,光子续能器,13,15,15
rebound,弹跳,2,4,4
primo_flair,顶级花式,13,19,19
residual_viremia,残差·毒血,4,4,4
shock_collar,电击项圈,35,37,40
smite_corrupted,毁灭 Orokin,15,15,15
revenant_prime_neuroptics_blueprint,Revenant Prime 头部神经光元 蓝图,3,4,4
strun_prime_blueprint,斯特朗 Prime 蓝图,12,14,16
strun_wraith_stock,斯特朗·亡魂 枪托,11,11,15
saxum_thorax,重岩者 胸腔,3,4,4
sudden_justice,骤然正义,35
section_density,截面密度,2,2,3
tidal_impunity,潮汐涌净,10,13,15
athodai_receiver,阿索代 枪机,18,18,19
shotgun_ammo_mutation,霰弹枪弹药转换,3,3,3
bonewidow_capsule,骨骸寡妇 机舱,20,40
soft_hands,精湛快手,4,4,4
cautious_shot,谨慎射击,14,15,20
sporothrix_blueprint,孢丝感染枪 蓝图,2,2,2
harrow_prime_systems_blueprint,Harrow Prime 系统 蓝图,18,19,19
spry_sights,迅敏视觉,5,5,5
holster_amp,切换增幅,13,19,20
stabilizer,稳定,3,4,4
hystrix_prime_set,豪猪 Prime 一套,15,15,17
streamlined_form,流线外形,2,4,4
lethal_torrent,致命洪流,11,14,15
stropha_receiver,诡计之刃 枪机,3,4,5
sure_shot,准确射手,3,4,5
melee_crescendo,近战·渐强,12,12,13
tactical_reload,机动装填,3,3,3
panthera_prime_receiver,猎豹 Prime 枪机,10,10,11
tek_collateral,技法 连带,3,3,3
preparation,有备而来,15,17,17
terminal_velocity,极限速度,3,3,4
rauta_stock,锐铁 枪托,15,15,19
speed_drift,速度窜升,19,20,20
thumper,重击者,1,3,3
synth_deconstruct,合成 解构,15,15,15
toxin_resistance,毒素抵抗,3,4,4
vauban_prime_blueprint,Vauban Prime 蓝图,15,19,20
trick_mag,戏法增幅,3,4,7
aerodynamic,空气动力,10,13,13
twitch,迅速抽换,2,2,3
archgun_riven_mod_(veiled),曲翼枪械裂罅 Mod （尚未揭开）,15,18,18
valkyr_prime_blueprint,Valkyr Prime 蓝图,3,4,4
critical_focus,关键焦点,18,18,19
velox_prime_receiver,逐电 Prime 枪机,4,4,4
eidolon_unairu_lens,夜灵 Unairu 晶体,18,18,18
zhuge_prime_blueprint,诸葛连弩 Prime 蓝图,2,3,5
gram_prime_handle,格拉姆 Prime 握柄,12,14,15
accelerated_isotope,迅发核素,2,2,3
larkspur_prime_set,翠雀 Prime 一套,15,15,19
akbolto_prime_link,螺钉双枪 Prime 连接器,3,3,4
prolonged_paralysis,长时瘫痪,17,18,24
ruinous_extension,毁灭扩展,14,18,19
arcane_deflection,赋能·偏折,3,3,4
acceltra_prime_stock,迅发电浆炮 Prime 枪托,12,15,16
arcane_nullifier,赋能·消磁,4,4,4
akvasto_prime_link,瓦斯托双枪 Prime 连接器,18,19,20
arcane_trickery,赋能·诡计,4,4,4
infectious_injection,传染性注射,14,15,19
augur_accord,预言 协约,4,5,5
revenant_prime_blueprint,Revenant Prime 蓝图,13,13,14
baza_prime_barrel,苍鹰 Prime 枪管,4,4,4
spectra_vandal_chassis,光谱切割器·破坏者 机体,18,50,67
blunderbuss,雷筒,1,3,5
tenacious_bond,坚韧连结,13,14,14
tiberon_prime_stock,狂鲨 Prime 枪托,15,20,20
cleanse_the_murmur,净化低语者,3,4,4
conic_nozzle,锥型推进器,3,4,5
ash_prime_blueprint,Ash Prime 蓝图,15,15,18
continuous_misery,无尽苦难,3,3,3
dakra_prime_blade,达克拉 Prime 刀刃,12,14,15
corvas_prime_stock,黑鸦 Prime 枪托,3,3,4
guandao_prime_handle,关刀 Prime 握柄,12,13,15
dig,挖掘,4,4,4
balefire_surge,野火涌流,13,13,13
eject_magazine,弹匣置换,3,3,4
carmine_penta_receiver,嫣红·潘塔 枪机,10,13,13
embedded_catalyzer,内置触媒,5,5,6
cedo_barrel,塞多 枪管,9,10,10
enhanced_durability,耐久强化,2,4,4
concentrated_arrow,集中箭矢,15,15,15
fortitude,不屈不挠,2,4,4
counter_pulse,反转脉冲,17,17,18
ghost,幽灵,3,3,3
dera_vandal_blueprint,德拉·破坏者 蓝图,15,15,16
handspring,翻筋斗,4,5,5
draining_gloom,幽暗枯竭,10,18,30
khra_canticle,Khra 颂歌,15,18,20
magus_vigor,魔导·活力,3,5,5
healing_return,治愈归复,5,5,5
hush,消音器,2,2,4
nautilus_prime_cerebrum,鹦鹉螺 Prime 头部,9,10,13
rifle_amp,步枪增幅,15,18,18
hystrix_prime_blueprint,豪猪 Prime 蓝图,4,4,4
lock_and_load,填弹上膛,3,3,3
sheev_blade,希芙 刀刃,6,8,8
magazine_warp,弹匣增幅,2,3,8
mandonel_blueprint,辐光弩炮 蓝图,3,4,4
master_key,万能钥匙,4,5,10
strain_fever,菌株 热毒,25,27,30
survival_instinct,生存本能,10,11,100
okina_prime_blade,翁 Prime 刀刃,10,10,11
twin_vipers_wraith_blueprint,双子蝰蛇·亡魂 蓝图,11,12,12
voltage_sequence,电压数列,10,15,20
overview,纵观全局,3,5,5
parallax_scope,视差瞄具,3,3,3
guardian_armor,庇佑护甲,14,15,19
latron_prime_barrel,拉特昂 Prime 枪管,19,19,20
pathocyst_subcortex,病囊飞刃 下皮层,4,5,5
necramech_intensify,殁世机甲 聚精会神,14,14,14
poisonous_sting,剧毒螫刺,4,4,4
panzer_devolution,铁甲回溯,9,10,14
pounce,猛扑,3,3,3
perfect_balance,完美平衡,15,15,17
pressurized_magazine,增压弹匣,4,4,4
stahlta_set,钢刃步枪 一套,18,19,19
raider_matrix,劫袭矩阵,1,2,3
tesla_bank,特斯拉电容,16,20,20
regen,重生,3,3,3
athodai_blueprint,阿索代 蓝图,13,13,14
revenant_prime_chassis_blueprint,Revenant Prime 机体 蓝图,4,4,4
cyclone_kraken,飓风海怪,14,19,20
rupture,破裂,1,1,3
fulmin_prime_receiver,雷霆 Prime 枪机,8,9,9
sanctuary,守护光罩,3,3,4
magus_drive,魔导·驱动,20,249,300
sense_danger,危机感知,3,3,4
pacifying_bolts,抚慰之风,12,14,14
shell_compression,压缩弹药,3,3,4
primed_smite_corrupted,毁灭 Orokin Prime,20,24,24
strun_prime_barrel,斯特朗 Prime 枪管,3,4,5
spectral_spirit,魅影魂灵,10,14,14
theorem_contagion,定理·触染,3,3,5
vaporize,汽化,2,3,4
tek_enhance,技法 强化,15,15,15
twin_vipers_wraith_link,双子蝰蛇·亡魂 连接器,10,11,12
velox_receiver,逐电 枪机,4,5,5
champions_blessing,强者祝福,13,14,15
vigilante_vigor,私法 活力,3,3,3
virtuos_strike,正直·打击,3,3,4
dera_vandal_barrel,德拉·破坏者 枪管,80,100,100
kaszas_set,死亡使徒 一套,20,20,24
void_cloak,虚空隐匿,3,4,4
volatile_quick_return,易爆速返,3,3,3
primed_quickdraw,持续火力 Prime,20,20,29
whirlwind,旋风,3,3,3
wolf_sledge_handle,恶狼战锤握柄,2,3,5
viral_tempest,病毒风暴,10,12,12
agile_aim,机动瞄准,3,3,3
zhuge_prime_barrel,诸葛连弩 Prime 枪管,14,18,18
arcane_agility,赋能·灵敏,3,3,3
mad_stack,狂堆速,10,13,19
panthera_prime_barrel,猎豹 Prime 枪管,10,13,15
arcane_blessing,赋能·赐福,3,3,3
abating_link,耗弱链接,14,15,17
arcane_rise,赋能·崛起,2,3,3
adaptation,适应,10,10,10
arcane_victory,赋能·胜利,2,2,3
carmine_penta_blueprint,嫣红·潘塔 蓝图,8,8,8
armored_agility,灵活装甲,3,3,3
crushing_ruin,月落乌啼,9,10,10
bane_of_grineer,灭亡 Grineer,3,3,3
cyngas_receiver,合成燃气炮 枪机,9,9,10
battering_maneuver,机动冲撞,4,5,5
epitaph_set,葬铭 一套,13,14,14
breach_quanta,封隙量子,2,3,3
broad_eye,广域之视,2,3,3
exodia_contagion,神威·触染,14,14,14
exodia_hunt,神威·狩猎,5,10,20
cascadia_empowered,瀑流·强化,2,2,2
fragor_prime_handle,重击巨锤 Prime 握柄,12,14,15
frostbite,结霜侵蚀,15,15,15
cascadia_flare,瀑流·耀炎,3,3,4
cascadia_overcharge,瀑流·溢能,2,2,2
gauss_prime_systems_blueprint,Gauss Prime 系统 蓝图,10,10,10
charged_chamber,蓄力装填,3,3,3
kogake_prime_gauntlet,科加基 Prime 拳套,18,18,19
charged_shell,充电弹头,2,2,3
cleanse_corpus,净化 Corpus,3,3,3
mag_prime_neuroptics_blueprint,Mag Prime 头部神经光元 蓝图,15,15,15
cleanse_grineer,净化 Grineer,2,3,3
mandonel_set,辐光弩炮 一套,15,18,19
mending_splinters,治愈玻片,10,12,14
cleaving_whirlwind,弧刃回天,3,3,3
merulina_guardian,涌浪之护,15,15,15
conjunction_voltage,联结·电压,3,3,3
peaceful_provocation,和平挑衅,12,15,17
containment_breach,核控突破,2,3,3
power_drain,力量汲取,15,20,20
corinth_prime_blueprint,科林斯 Prime 蓝图,3,4,4
secondary_encumber,次要·妨害,13,13,13
drifting_contact,漂移接触,2,2,3
endurance_drift,坚忍窜升,3,3,3
shadow_haze,暗影迷雾,10,10,10
energy_field,能量力场,2,3,3
thermite_rounds,铝热焊弹,14,14,15
eternal_eradicate,永恒·湮灭,2,3,3
thrall_pact,奴仆契约,10,10,12
virtuos_spike,正直·尖刺,6,10,17
eternal_onslaught,永恒·猛攻,3,3,3
wisp_prime_blueprint,Wisp Prime 蓝图,14,15,15
abundant_mutation,增生突变,10,10,10
euphona_prime_blueprint,悦音 Prime 蓝图,2,2,3
ambush_optics,伏击光子,15,20,25
fast_hands,爆发装填,3,10,10
fetch,取回,2,2,3
arcane_steadfast,赋能·坚定,10,12,12
flame_repellent,火焰防护,2,3,8
auger_strike,螺钻打击,13,13,14
flechette,箭型弹头,3,4,5
bladed_rounds,尖刃弹头,10,12,12
focus_radon,聚焦氡气,2,3,3
fury,狂暴,1,2,2
cinta_lower_limb_blueprint,遂心 下弓臂 蓝图,7,8,9
critical_delay,关键延迟,15,15,15
gara_prime_neuroptics_blueprint,Gara Prime 头部神经光元 蓝图,3,4,4
elusive_retribution,幻形惩戒,10,14,14
enraged,狂化震怒,10,14,15
grim_fury,冷面狂怒,2,2,3
guided_effigy,导路龙骸,9,10,15
gunslinger,神枪手,2,4,5
hallowed_eruption,圣域爆发,10,14,15
harrow_prime_blueprint,Harrow Prime 蓝图,2,3,3
hallowed_reckoning,神圣清算,10,10,15
hawk_eye,隼目,2,3,4
loyal_merulina,不渝珊瑚,9,15,15
hollow_point,空尖弹,3,3,3
magnetized_discharge,磁吸释放,10,13,13
magus_firewall,魔导·防火墙,14,150,180
hyperstrike,超量打击,2,3,3
mesmer_shield,催眠护盾,10,10,10
hystrix_prime_barrel,豪猪 Prime 枪管,2,5,5
mind_freak,精神狂怒,10,14,15
incendiary_coat,燃烧外壳,2,3,3
necramech_pressure_point,殁世机甲 压迫点,10,14,15
ironclad_matrix,铁甲矩阵,2,3,3
necramech_rebuke,殁世机甲 训戒,8,10,10
ivara_prime_neuroptics_blueprint,Ivara Prime 头部神经光元 蓝图,4,4,4
parasitic_vitality,寄生活力,14,14,17
phaedra_stock,菲德菈 枪托,11,11,12
jagged_edge,锯刃,2,3,3
piercing_navigator,穿刺抛体,14,15,15
karyst_prime_handle,凯洛斯特 Prime 握柄,3,4,4
killing_blow,一击必杀,3,3,3
reinforcing_stomp,践踏加固,12,14,14
lasting_sting,未完之刺,2,2,2
rousing_plunder,振奋劫掠,10,10,13
lex_prime_receiver,雷克斯 Prime 枪机,1,2,3
savage_silence,残酷无息,13,14,14
lightning_rod,避雷针,1,2,3
sawtooth_clip,锯齿弹链,3,4,5
melee_prowess,非凡技巧,2,3,5
sevagoth_prime_blueprint,Sevagoth Prime 蓝图,8,9,9
sonic_fracture,破碎声波,10,10,14
melee_retaliation,近战·报复,2,2,2
steel_charge,钢铁充能,10,11,11
melee_vortex,近战·旋涡,2,3,3
surging_blades,涌流之刃,12,14,15
molt_vigor,蜕化·活力,3,3,3
vazarin_transmute_core,Vazarin 转换核心,10,13,14
molten_impact,熔岩冲击,2,2,3
vigorous_swap,强力切换,13,14,14
munitions_vortex,弹药漩涡,2,2,3
naramon_lens,Naramon 晶体,3,3,4
baruuk_prime_neuroptics_blueprint,Baruuk Prime 头部神经光元 蓝图,13,13,14
buzz_kill,败兴虐杀,10,10,10
nidus_prime_systems_blueprint,Nidus Prime 系统 蓝图,3,3,3
contamination_casing,毒染套管,9,10,10
damzav_vati,剧毒射击,15,15,15
onslaught_matrix,强攻矩阵,2,3,3
orvius_blade,灵枢 刀刃,2,2,3
dark_propagation,幽暗蔓延,9,10,10
pandero_prime_barrel,手鼓 Prime 枪管,3,4,4
enveloping_cloud,包覆游云,10,10,13
pathocyst_blueprint,病囊飞刃 蓝图,4,4,5
gale_kick,狂风猛踢,10,11,14
hydroid_prime_blueprint,Hydroid Prime 蓝图,15,15,15
piercing_hit,穿甲伤害,3,4,5
internal_bleeding,内部出血,12,12,13
primary_frostbite,主要·霜冻,3,3,3
reflect,反射,2,2,3
jahu_canticle,Jahu 颂歌,10,10,10
reflection,充能反弹,2,2,3
latron_wraith_barrel,拉特昂·亡魂 枪管,15,15,17
rending_turn,撕裂翻转,2,4,4
pool_of_life,生命之池,13,14,15
retribution,惩戒,2,3,3
smite_infusion,惩击洗礼,10,11,13
revenge,复仇,1,3,10
tenora_prime_barrel,双簧管 Prime 枪管,9,10,10
volatile_parasite,暴怒寄生,15,15,18
rifle_aptitude,步枪才能,2,3,4
adlet_core_blueprint,艾莱核心 蓝图,10,10,10
ripload,撕裂装填,3,4,4
scourging_warheads,苦痛弹头,3,3,3
arcane_reaper,赋能·收割,14,14,15
secondary_fortifier,次要·筑垒,4,5,6
arcane_velocity,赋能·迅速,8,9,10
seeker_volley,追踪齐射,3,3,3
sinister_reach,凶恶延伸,3,3,3
smite_corpus,毁灭 Corpus,3,3,3
divine_retribution,圣枪惩戒,12,13,13
endless_lullaby,无尽催眠曲,10,10,10
split_chamber,分裂膛室,3,3,3
energy_transfer,能量转移,10,13,14
stradavar_prime_barrel,斯特拉迪瓦 Prime 枪管,3,3,4
garuda_prime_neuroptics_blueprint,Garuda Prime 头部神经光元 蓝图,14,15,15
sundering_strike,破甲,3,3,3
gladiator_might,角斗士 威猛,14,15,15
suppress,消音,2,2,3
insatiable,不竭贪婪,10,10,10
target_cracker,弱点专精,3,3,4
irradiating_disarm,辐射缴械,10,10,10
tekko_prime_blueprint,铁钩手甲 Prime 蓝图,3,3,3
karyst_prime_blade,凯洛斯特 Prime 刀刃,10,10,10
tiberon_prime_blueprint,狂鲨 Prime 蓝图,3,4,4
larkspur_prime_barrel,翠雀 Prime 枪管,11,13,15
lasting_covenant,持久圣约,10,10,10
virtuos_shadow,正直·暗影,2,2,3
lohk,Lohk,10,10,11
warhead,湮灭弹头,2,2,2
necramech_continuity,殁世机甲 持久力,10,10,12
wildfire,野火,3,3,3
necramech_steel_fiber,殁世机甲 钢铁纤维,18,20,20
wolf_sledge_head,恶狼战锤锤头,3,4,5
necramech_vitality,殁世机甲 生命力,10,10,10
zakti_prime_barrel,毒芽 Prime 枪管,3,3,4
power_donation,献出力量,13,13,13
primal_rage,原始暴怒,9,9,11
ris,Ris,9,10,10
aero_periphery,空飞 边际,1,1,2
safeguard_switch,护卫传送,10,13,13
afterburner,加力燃烧,2,3,3
akbolto_prime_blueprint,螺钉双枪 Prime 蓝图,4,4,4
scindo_prime_blade,分裂斩斧 Prime 刀刃,15,18,18
akjagara_prime_blueprint,觉醒双枪 Prime 蓝图,2,3,4
ankyros_prime_blade,甲龙双拳 Prime 刀刃,4,4,4
spellbound_harvest,迷尘丰益,10,10,11
swift_bite,迅猛之咬,10,10,11
arcane_healing,赋能·复原,2,2,3
arcane_intention,赋能·心相,1,3,3
warding_thurible,庇护焚炉,8,10,12
arcane_phantasm,赋能·幻象,3,4,4
akstiletto_prime_blueprint,史提托双枪 Prime 蓝图,14,15,15
atlas_prime_blueprint,Atlas Prime 蓝图,2,2,3
augur_reach,预言 通灵,14,14,15
atomic_fallout,原子烟尘,2,2,2
blazing_pillage,炽燃劫掠,12,12,12
bane_of_corpus,灭亡 Corpus,2,2,2
creeping_terrify,缓动惊骇,10,10,10
bleeding_edge,血色刃缘,3,3,5
cyngas_stock,合成燃气炮 枪托,10,11,13
bleeding_willow,血色万柳,2,4,4
frost_prime_systems_blueprint,Frost Prime 系统 蓝图,1,12,13
blind_justice,无明制裁,2,2,3
cabochon_embolos,弧面型栓子凝石,2,2,3
hildryn_prime_blueprint,Hildryn Prime 蓝图,14,14,14
chilling_reload,激冷装填,3,3,3
intrepid_stand,无畏之战,9,10,10
countermeasures,反制系统,3,4,4
jahu,Jahu,10,10,10
critical_meltdown,关键熔毁,2,2,2
cruising_speed,巡航速度,2,3,3
jet_stream,急流,10,10,12
cutting_edge,切割刃缘,2,3,4
karak_wraith_receiver,卡拉克·亡魂 枪机,8,10,10
necramech_flow,殁世机甲 川流不息,12,12,12
depleted_reload,耗竭装填,1,2,2
diamond_skin,钻石皮肤,3,3,5
octavia_prime_chassis_blueprint,Octavia Prime 机体 蓝图,7,9,10
onorix_blade,奥努里克斯 刀刃,10,13,14
double_barrel_drift,游离双管,2,2,2
eleventh_storm,终焉风暴,2,3,3
reaping_chakram,割魂火圈,13,15,15
energy_inversion,能量转化,3,4,5
resonance,残响共鸣,10,13,15
fractalized_reset,分形·重置,2,2,2
rolling_guard,翻滚防护,12,12,13
fulmin_prime_blueprint,雷霆 Prime 蓝图,1,2,3
shattered_storm,琉璃风暴,12,13,15
singularity,奇异点,8,12,14
gnashing_payara,狼鱼咬咬,2,2,2
trinity_prime_blueprint,Trinity Prime 蓝图,8,8,9
granums_nemesis,格拉努之劲敌,3,3,3
wrecking_wall,粉碎壁垒,13,14,14
guardian_derision,奚落守护,3,3,3
wukong_prime_systems_blueprint,Wukong Prime 系统 蓝图,9,10,12
gunsen_prime_handle,军扇 Prime 握柄,2,2,2
wyrm_prime_blueprint,蛟龙 Prime 蓝图,12,12,12
arcane_aegis,赋能·神盾,14,14,15
hellfire,地狱火,3,3,3
artillery_cheap_shot,高效光能炮,9,10,10
ice_spring,冰冷跃动,2,3,3
assimilate,同化,12,13,14
ice_storm,冰风暴,2,3,3
blinding_reave,致盲掠夺,14,15,15
indomitable_matrix,不屈矩阵,2,3,3
calm_and_frenzy,冷静与疯狂,10,10,13
cathode_current,阴极电流,10,12,12
ion_burn,离子燃烧,2,2,3
metal_fiber,金属纤维,2,3,5
cephalon_suda_augment_mod,中枢苏达强化Mod
conductor,指挥家,9,9,10
mischief,顽皮,3,4,4
mobilize,全面驱动,2,2,3
controlled_slide,平稳滑步,15,15,20
critical_mutation,关键突变,12,12,12
molt_reconstruct,蜕化·重塑,2,2,3
dead_eye,死亡之眼,8,11,12
motus_impact,跃动 冲击,3,4,4
defensive_fire,防御火力,7,8,9
nagantaka_prime_receiver,噬蛇弩 Prime 枪机,3,3,4
ninkondi_prime_chain,降灵追猎者 Prime 链条,4,4,4
duality,二元性状,13,14,15
orthos_prime_blueprint,欧特鲁斯 Prime 蓝图,2,2,2
energy_amplifier,能量扩散,10,10,12
pack_leader,领袖,2,2,3
exodia_triumph,神威·凯旋,9,10,14
paris_prime_lower_limb,帕里斯 Prime 下弓臂,1,2,3
flame_gland,火焰腺体,36,38,40
patagium,翼膜,2,2,3
fracturing_crush,高压粉碎,10,12,12
perigale_barrel,月面狂风 枪管,2,3,3
fragor_prime_blueprint,重击巨锤 Prime 蓝图,10,10,10
pistol_gambit,手枪精通,1,2,2
furax_wraith_set,弗拉克斯·亡魂 一套,10,14,14
point_strike,致命一击,2,3,3
latron_wraith_blueprint,拉特昂·亡魂 蓝图,14,14,14
predator,捕食者,2,2,2
magus_overload,魔导·超载,185,200,219
magus_revert,魔导·复位,20,240,248
protea_prime_blueprint,Protea Prime 蓝图,1,2,2
proton_jet,质子 喷射,4,4,5
mantis_set,Mantis 一套,15,15,15
provoked,激怒,2,3,4
mirage_prime_systems_blueprint,Mirage Prime 系统 蓝图,14,15,16
ravage,破灭,3,4,4
nautilus_systems,鹦鹉螺 系统,13,15,15
reflex_coil,增幅线圈,1,2,3
pyroclastic_flow,火成碎流,10,10,10
reflex_draw,反射拔枪,4,4,4
residual_boils,残差·燃沸,3,4,4
rifle_riven_mod_(veiled),步枪裂罅 Mod （尚未揭开）,9,10,10
revo_reducer,节流降耗,3,3,4
sarofang_handle,沙罗之牙 握柄,2,3,4
savior_decoy,救星诱饵,10,10,12
sentient_scalpel,Sentient 解剖刀,2,3,3
sharpened_claws,磨锋之爪,2,2,2
shade_prime_set,阴影 Prime 一套,14,14,14
shattering_impact,碎裂冲击,3,3,3
soul_survivor,幸存生灵,10,10,11
shock_absorbers,减震器,2,3,3
spring_loaded_blade,簧压刀刃,11,11,12
shotgun_barrage,霰弹弹幕,2,3,3
tatsu_prime_set,龙辰 Prime 一套,12,14,15
smite_grineer,毁灭 Grineer,2,3,3
thermal_transfer,热能传递,10,10,13
sniper_ammo_mutation,狙击枪弹药转换,2,3,4
spinning_needle,旋压刺针,3,3,3
steel_fiber,钢铁纤维,2,3,3
strafing_slide,滑行扫射,2,2,3
tipedo_prime_ornament,提佩多 Prime 饰物,9,10,11
triple_tap,三重连击,14,15
superior_defenses,卓越防御,2,3,3
twin_vipers_wraith_barrels,双子蝰蛇·亡魂 枪管,10,10,10
swirling_tiger,旋风虎击,2,2,2
valence_formation,效价炼成,10,10,13
synth_reflex,合成 反射,2,2,3
virtuos_forge,正直·熔炉,100,100,110
tactical_pump,战术上膛,3,3,3
territorial_aggression,侵略领土,2,3,4
arcane_avenger,赋能·复仇者,8,9,9
true_steel,斩铁,2,2,3
vitality,生命力,1,1,1
archgun_ace,曲翼枪械行家,6,9,9
volnus_prime_blueprint,创伤 Prime 蓝图,2,3,4
bo_prime_handle,玻之武杖 Prime 握柄,9,12,12
warm_coat,保温服,3,5,5
centaur_handle,半人马 握柄,10,12,13
worms_torment,蠕虫熬煎,2,3,3
ceti_lacera_blueprint,天仓·悲痛之刃 蓝图,9,9,9
zylok_prime_receiver,席尔火枪 Prime 枪机,3,3,4
chroma_prime_systems_blueprint,Chroma Prime 系统 蓝图,12,14,14
agility_drift,矫捷窜升,3,3,3
death_blossom,死亡绽放,10,10,10
arcane_awakening,赋能·觉醒,2,3,3
argon_plating,氩晶装甲,2,2,3
escape_velocity,脱离速度,14,15,15
magus_accelerant,魔导·触媒,13,20,200
arrow_mutation,箭矢转换,3,3,3
melee_riven_mod_(veiled),近战裂罅 Mod （尚未揭开）,9,9,10
banshee_prime_neuroptics_blueprint,Banshee Prime 头部神经光元 蓝图,4,4,4
naramon_transmute_core,Naramon 转换核心,9,14
burston_prime_blueprint,伯斯顿 Prime 蓝图,2,2,2
poppin_vert,纵腾天际,15,16,18
carnis_carapace,肉碾虫 壳甲,3,3,3
rhino_prime_blueprint,Rhino Prime 蓝图,11,14,14
charm,招福,2,3,3
safeguard,火绫守护,11,12,14
cold_snap,寒流来袭,2,2,3
target_fixation,目标入定,10,11,13
concealed_explosives,内置炸药,2,2,3
the_perrin_sequence_augment_mod,佩兰数列强化Mod,10,15,19
concussion_rounds,震荡弹头,3,3,3
toxic_sequence,毒素数列,12,12,14
enhanced_vitality,构造强化,2,3,3
vome,Vome,10,10,12
expel_grineer,驱逐 Grineer,2,3,3
afuris_prime_receiver,盗贼双枪 Prime 枪机,14,14,14
extend,延展,3,8,10
agkuza_blade,驯象钩刃 刀刃,10,10,10
failsafe,失效保险,2,3,3
arcane_fury,赋能·狂怒,10,11,12
arcane_grace,赋能·优雅,9,10,10
finishing_touch,画龙点睛,2,2,3
baza_prime_blueprint,苍鹰 Prime 蓝图,9,10,10
firewalker,火焰行者,2,3,3
blade_of_truth,真相之刃,7,10,10
garuda_prime_blueprint,Garuda Prime 蓝图,2,3,3
chesa_kubrow_imprint,寻猎型库狛 基因印记,25,28,30
guardian,守护者,2,2,2
cryo_coating,冷冻包覆,20,28,38
gun_glide,恒稳枪杆,2,3,4
dual_keres_prime_blueprint,凯瑞斯双刀 Prime 蓝图,10,12,12
hildryn_prime_chassis_blueprint,Hildryn Prime 机体 蓝图,2,3,3
imperator_vandal_receiver,凯旋将军·破坏者 枪机,11,11,13
knell_prime_blueprint,丧钟 Prime 蓝图,2,2,3
molecular_fission,分子裂变,10,12,13
larkspur_prime_stock,翠雀 Prime 枪托,3,4,4
nautilus_carapace,鹦鹉螺 外壳,12,20,20
life_strike,生命打击,2,2,3
nautilus_cerebrum,鹦鹉螺 头部,15,15,15
loyal_companion,忠实搭档,2,3,3
negation_swarm,不绝护甲,10,10,10
netra,Netra,10,10,10
maglev,磁浮,2,3,4
phoenix_renewal,凤凰新生,8,10,10
masseter_prime_blueprint,咀嚼金棒 Prime 蓝图,2,2,3
rathbone_head,拉斯波恩 锤头,10,15,15
motus_signal,跃动 信号,3,3,3
sharpshooter,神射手,9,10,10
nano_applicator,纳米涂覆,3,3,4
temporal_artillery,时协炮击,10,10,10
necramech_fury,殁世机甲 狂暴,3,3,3
temporal_erosion,时空侵蚀,12,12,13
vampiric_grasp,血吸之握,10,12,12
pain_threshold,痛苦阈值,1,1,2
vasca_kavat_imprint,噬血型库娃 基因印记,14,15,17
paris_prime_string,帕里斯 Prime 弓弦,2,2,2
warriors_rest,战士休憩,9,10,10
perigale_receiver,月面狂风 枪机,3,3,4
wise_razor,慧黠斩剃,9,9,10
airburst_rounds,空爆弹,10,13,13
perigale_stock,月面狂风 枪托,2,3,3
augur_seeker,预言 探求,10,10,10
bhaira_hound_blueprint,拜拉猎犬 蓝图,25,25,30
radiated_reload,辐能装填,2,3,3
desiccations_curse,枯竭诅咒,10,12,15
reach,剑风,2,3,3
rending_strike,撕裂打击,2,3,3
empowered_quiver,强化箭袋,10,10,10
funnel_clouds,漏斗状云,10,11,13
repair_kit,修补套件,4,4,5
furious_javelin,狂怒标枪,10,11,14
sarofang_blade,沙罗之牙 刀刃,3,3,4
shocking_touch,电击触点,2,2,3
huras_kubrow_imprint,匿踪型库狛 基因印记,15,15,15
larva_burst,幼体爆发,13,13,14
shotgun_savvy,通晓霰弹枪,2,2,3
lasting_purity,永恒纯净,13,20,25
mag_prime_chassis_blueprint,Mag Prime 机体 蓝图,10,11,11
spring_loaded_broadhead,簧压猎箭,2,2,4
magus_destruct,魔导·穿破,19,20,180
swipe,挥击,3,3,4
masseter_prime_set,咀嚼金棒 Prime 一套,8,9,10
mutalist_alad_v_assassinate_key,异融 Alad V 刺杀 （钥匙）,9,10,10
tainted_mag,腐败弹匣,2,2,3
rifle_scavenger,步枪弹药搜集者,9,15,20
tempered_blade,强化刀片,2,2,3
trapezium_xenorhast,梯型异源石,1,2,2
rift_torrent,裂隙洪流,10,14,14
velox_prime_blueprint,逐电 Prime 蓝图,3,3,3
rumbled,轰隆石者,12,15,16
vicious_spread,恶性扩散,2,2,2
saxum_carapace,重岩者 壳甲,8,10,10
vile_precision,极恶精准,2,2,2
seismic_wave,震波,9,9,11
zaw_riven_mod_(veiled),Zaw 裂罅 Mod （尚未揭开）,1,2,2
accelerated_blast,加速冲击,1,2,2
teeming_virulence,猛爆致病,12,12,13
accelerated_deflection,加速充能,2,2,2
beguiling_lantern,欺幻魔灯,10,12,13
adhesive_blast,凝胶爆破,1,2,2
blind_rage,盲怒,12,12,12
air_recon,空中侦察,3,3,3
akarius_prime_link,阿利乌双枪 Prime 连接器,3,3,3
butchers_revelry,屠戮盛宴,9,10,12
damage_decoy,易伤诱饵,10,12,13
akbronco_prime_link,野马双枪 Prime 连接器,1,2,2
ammo_case,弹药储转箱,1,1,1
double_tap,双重连击,10,11,13
arcane_consequence,赋能·结果,2,2,2
fass,Fass,9,9,10
ion_infusion,离子注入,14,15,17
arcane_momentum,赋能·动量,2,2,2
arcane_tempo,赋能·节奏,2,2,3
martyr_symbiosis,忠勇共生,13,18,20
blood_for_ammo,血易弹药,1,2,2
ordnance_cheap_shot,高效火炮,8,9,9
braton_prime_barrel,布莱顿 Prime 枪管,2,2,2
spectrosiphon,光谱虹吸,10,10,12
braton_prime_receiver,布莱顿 Prime 枪机,3,3,3
the_relentless_lost,无情失落,9,10,10
braton_prime_stock,布莱顿 Prime 枪托,1,2,2
bronco_prime_barrel,野马 Prime 枪管,2,2,2
bronco_prime_receiver,野马 Prime 枪机,2,3,3
transient_fortitude,瞬时坚毅,10,10,10
burdened_magazine,过载弹匣,2,2,2
tribunal,责难裁决,10,11,12
burston_prime_stock,伯斯顿 Prime 枪托,1,1,2
valkyr_prime_systems_blueprint,Valkyr Prime 系统 蓝图,10,12,13
calculated_redirection,精算蓄能,1,2,2
afterburn,续燃,9,10,10
carnis_mandible,肉碾虫 巨颚,2,2,2
blood_for_energy,血易能量,14,15,19
cascadia_accuracy,瀑流·精准,1,2,2
brain_storm,头脑风暴,10,10,15
cats_eye,猫眼,2,3,3
carmine_penta_barrel,嫣红·潘塔 枪管,10,14,14
chilling_grasp,急冻控场,2,2,2
cedo_stock,塞多 枪托,9,10,10
clashing_forest,巨林冲击,2,2,2
corinth_prime_stock,科林斯 Prime 枪托,12,12,12
cleanse_infested,净化 Infested,2,3,3
eternal_war,永恒战意,10,10,10
cobra_and_crane_prime_blade,眼镜蛇 & 鹤 Prime 刀刃,2,2,3
four_riders,天启异象,8,9,10
cobra_and_crane_prime_hilt,眼镜蛇 & 鹤 Prime 握柄,2,2,2
freeze_force,寒冰之力,13,14,14
combustion_beam,灼热光束,1,1,1
galvanized_savvy,镀层 通晓霰弹枪,12,13,13
galvanized_scope,镀层 氩晶瞄具,12,12,13
crossing_snakes,双蛇牙突,2,2,2
cryo_rounds,低温弹头,1,2,2
gladiator_vice,角斗士 钳制,10,11,12
dispatch_overdrive,超速击杀,2,2,2
ice_wave_impedance,滞痕冰浪,10,11,14
emergence_dissipate,始现·消散,2,2,2
muzzle_flash,枪口闪焰,10,10,12
emergence_renewed,始现·新生,2,2,2
napalm_grenades,凝固汽油榴弹,11,11,18
emergence_savior,始现·救世,2,2,2
pangolin_prime_blueprint,鲮鲤剑 Prime 蓝图,10,10,10
enemy_sense,敌人感应,2,3,3
eternal_logistics,永恒·流转,2,2,2
expel_infested,驱逐 Infested,1,3,3
partitioned_mallet,分裂槌音,10,13,14
fang_prime_handle,狼牙 Prime 握柄,1,2,2
protea_prime_systems_blueprint,Protea Prime 系统 蓝图,8,8,9
fast_deflection,快速充能,2,2,3
quickening,加速,15,15,15
fatal_acceleration,致死加速,2,2,2
reaper_prime_handle,收割者 Prime 握柄,11,12,13
fatal_attraction,致命诱惑,3,5,6
rising_storm,风起云涌,10,10,13
fever_strike,热病打击,2,3,3
smoke_shadow,庇护烟幕,10,10,10
fired_up,过热射击,2,2,2
staggering_shield,失衡护盾,8,10,11
stinging_truth,过激真相,13,14,14
flow,川流不息,2,2,2
urga_bracket_blueprint,厄加脚架 蓝图,10,15,15
frail_momentum,虚弱动能,2,2,3
venom_teeth,牙齿毒液,38,40,40
gemini_cross,纵横双子,2,2,2
wrath_of_ukko,乌戈之怒,9,14,14
grendel_prime_chassis_blueprint,Grendel Prime 机体 蓝图,2,2,2
zephyr_prime_blueprint,Zephyr Prime 蓝图,12,12,15
anchored_glide,聚精滑翔,10,10,13
heart_nyth,心形灵息石,2,2,2
ash_prime_chassis_blueprint,Ash Prime 机体 蓝图,10,12,13
heated_charge,火焰装填,2,2,2
avenging_truth,复仇真相,11,14,15
heavy_impact,震地冲击,2,3,3
bo_prime_blueprint,玻之武杖 Prime 蓝图,8,10,14
heavy_trauma,重创,2,2,2
carmine_penta_stock,嫣红·潘塔 枪托,14,14,14
hells_chamber,地狱弹膛,2,2,2
catapult,肉弹发射,10,13,14
intensify,聚精会神,1,2,2
chaos_sphere,混乱领域,12,14,15
intruder,入侵者,2,3,3
cobra_and_crane_prime_set,眼镜蛇 & 鹤 Prime 一套,12,13,13
iron_phoenix,钢铁凤凰,2,2,2
elemental_sandstorm,元素沙暴,12,13,13
lato_vandal_receiver,拉托·破坏者 枪机,1,1,2
galvanized_shot,镀层 准确射手,12,13,13
lex_prime_barrel,雷克斯 Prime 枪管,2,3,3
ghoulsaw_blueprint,尸鬼电锯 蓝图,10,11
hikou_prime_pouch,飞扬 Prime 镖袋,10,10,10
magnum_force,重装火力,3,3,3
proof_fragment,数学证明片段,4,10,100
marquise_thyst,女侯爵赤色水晶,2,2,2
reaper_prime_blade,收割者 Prime 刀刃,9,10,10
recrystalize,多重结晶,10,10,10
master_thief,盗贼大师,2,2,3
metal_auger,合金钻头,2,2,2
rift_haven,裂隙避难所,15,15,15
no_return,有去无回,1,3,5
sheev_hilt,希芙 握柄,5,5,8
north_wind,北风,1,2,2
organ_shatter,肢解,2,2,2
sicarus_prime_receiver,暗杀者 Prime 枪机,34,35,35
orthos_prime_handle,欧特鲁斯 Prime 握柄,2,2,2
soma_prime_barrel,月神 Prime 枪管,8,9,9
phantasma_prime_blueprint,幻离子 Prime 蓝图,2,2,3
strun_wraith_barrel,斯特朗·亡魂 枪管,11,13,15
pressure_point,压迫点,1,2,3
targeting_receptor,目标感应,9,9,15
velox_set,逐电 一套,9,9,9
primary_merciless,主要·无情,2,2,2
air_time,乘空时间,10,15,17
proton_pulse,质子 脉动,3,4,4
arbiters_of_hexis_augment_mod,均衡仲裁者强化Mod,9,10,10
radian_sentirum,弧度心智晶核,2,2,2
arcane_pistoleer,赋能·枪炮,7,8,8
radiant_zodian,发光的黄道宝石,2,2,2
basmu_blueprint,巴什穆 蓝图,8,10,10
reaping_spiral,收割螺旋,2,2,2
celestial_stomp,天圣践踏,13,15,15
redirection,蓄能重划,1,1,3
cinta_string_blueprint,遂心 弓弦 蓝图,9,10,10
reflex_guard,反射防御,3,3,3
disarming_purity,缴械纯净,10,13,14
relentless_combination,残酷组合,2,2,2
rubedo_lined_barrel,红晶枪管,2,3,3
galvanized_aptitude,镀层 步枪才能,11,12,12
rush,冲刺,2,2,2
galvanized_diffusion,镀层 弹头扩散,12,13,13
sarofang_set,沙罗之牙 一套,2,3,4
scimitar_engines_blueprint,Scimitar 引擎 蓝图,2,2,2
infiltrate,渗透,10,10,10
scourge_prime_blade,祸根 Prime 刀刃,5,5,5
ironclad_flight,铁甲翱翔,10,10,13
khra,Khra,10,10,10
secondary_surge,次要·激涌,2,2,2
neutralizing_justice,抵消正义,10,10,10
seeking_fury,狂暴追猎,2,3,3
odonata_prime_harness_blueprint,陨蜓 Prime 外甲 蓝图,5,8,9
seismic_palm,震撼冲拳,2,2,3
shade_prime_blueprint,阴影 Prime 蓝图,2,2,2
parallax_set,星察 一套,9,10,10
shield_charger,护盾充能,2,2,3
rejuvenation,返老还童,10,10,13
sinking_talon,沉没之爪,2,2,2
spare_parts,残余,2,3,3
stinging_thorn,螫刺狂棘,10,11,12
surging_dash,涌流突进,10,10,15
speed_trigger,灵敏扳机,1,2,2
static_discharge,静电释放,2,2,2
wild_frenzy,猛烈发狂,11,12,13
steady_hands,稳定枪手,2,3,3
winds_of_purity,纯净之风,10,13,15
stealth_drift,匿踪窜升,2,2,2
antimatter_absorb,反物质吸收,13,13,14
stormbringer,暴风使者,2,2,3
directed_convergence,定向汇聚,8,10,12
efficient_beams,高效光束,15,19,19
stunning_speed,慑人神速,1,2,3
sundering_weave,分裂编织,2,2,2
galvanized_crosshairs,镀层 液压准心,13,13,14
tainted_clip,感染弹匣,2,2,2
galvanized_hell,镀层 地狱弹膛,12,12,12
tainted_shell,污秽弹药,2,2,2
imperator_vandal_barrel,凯旋将军·破坏者 枪管,10,10,14
limbo_prime_neuroptics_blueprint,Limbo Prime 头部神经光元 蓝图,12,12,12
tatsu_prime_blade,龙辰 Prime 刀刃,2,3,4
magus_glitch,魔导·干扰,8,9,200
neutron_star,中子星爆,13,14,14
tether_grenades,系绳榴弹,1,1,2
phantasma_prime_stock,幻离子 Prime 枪托,10,11,11
thiefs_wit,盗贼天赋,1,1,2
toxic_flight,剧毒飞腾,2,3,3
pistol_scavenger,手枪弹药搜集者,10,10,15
vazarin_lens,Vazarin 晶体,3,3,3
rubble_heap,碎石堆叠,10,10,13
void_hole,虚空虹洞,2,3,3
shield_disruption,护盾瓦解,4,10,10
shotgun_vendetta,霰弹·仇杀,5,8,9
war_blade,战争之剑 刀片,2,2,2
abyssal_beacon,深渊信标,2,14,30
stradavar_prime_blueprint,斯特拉迪瓦 Prime 蓝图,10,10,10
strun_wraith_blueprint,斯特朗·亡魂 蓝图,10,10,10
acceltra_prime_blueprint,迅发电浆炮 Prime 蓝图,1,2,2
vectis_prime_barrel,守望者 Prime 枪管,10,11,13
afuris_prime_link,盗贼双枪 Prime 连接器,1,2,2
virtuos_trojan,正直·特洛伊,9,10,80
ammo_drum,弹鼓,3,5,10
xata,Xata,10,10,10
biting_frost,刺骨寒霜,10,12,12
arcane_warmth,赋能·温暖,2,2,2
bronco_prime_blueprint,野马 Prime 蓝图,1,1,1
burston_prime_barrel,伯斯顿 Prime 枪管,2,3,3
blending_talons,混沌利爪,10,12,12
blood_forge,祭血锻造,10,12,12
cobra_and_crane_prime_blueprint,眼镜蛇 & 鹤 Prime 蓝图,2,2,2
coiling_viper,毒蛇螺旋,1,2,2
carrier_prime_carapace,搬运者 Prime 外壳,8,10,10
convulsion,痉挛,1,1,2
centaur_aegis,半人马 盾,9,9,10
energy_channel,能量导引,1,2,2
centaur_blade,半人马 剑刃,9,10,10
flux_overdrive,通量步枪超载,2,2,2
decurion_barrel,什长双枪 枪管,9,9,10
fracturing_wind,破碎之风,2,2,2
epitaph_prime_blueprint,葬铭 Prime 蓝图,9,10,13
fulmin_prime_barrel,雷霆 Prime 枪管,1,1,1
everlasting_ward,永恒之护,15,15,15
fatal_teleport,致命传送,8,10,13
fulmin_prime_stock,雷霆 Prime 枪托,2,3,3
path_of_statues,化像之道,10,10,12
grendel_prime_neuroptics_blueprint,Grendel Prime 头部神经光元 蓝图,2,2,2
piercing_roar,刺骨战吼,10,12,14
hornet_strike,黄蜂螫刺,2,3,3
repelling_bastille,驱逐力场,10,10,12
repo_audit,回购审计,7,8,9
medi_pet_kit,宠物治疗套件,1,1,1
melee_fortification,近战·坚壁,2,2,2
shell_rush,填弹加速,7,7,8
orthos_prime_blade,欧特鲁斯 Prime 刀刃,2,2,2
sprint_boost,冲刺提升,14,20,20
paris_prime_grip,帕里斯 Prime 弓身,3,3,4
xiran,息壤鲳,1,10
primary_dexterity,主要·熟练,1,1,1
purified_heciphron,高纯聚合荧石,1,2,3
zylok_prime_set,席尔火枪 Prime 一套,15,15,15
razor_shot,剃刀射击,2,2,3
acid_shells,酸性弹药,10,10,12
ballistic_bullseye,弹道靶心,8,9,10
secondary_merciless,次要·无情,1,1,2
serration,膛线,1,2,2
blood_rush,急进猛突,7,8,9
shade_prime_cerebrum,阴影 Prime 头部,1,1,1
braton_vandal_receiver,布莱顿·破坏者 枪机,8,8,8
breach_loader,破裂填装,7,8,9
stahlta_barrel,钢刃步枪 枪管,1,2,2
bright_purity,光明纯净,13,13,13
stellated_necrathene,星形殁世烯,1,1,1
capacitance,电容,9,9,10
streamline,简化,2,2,2
cataclysmic_continuum,灾变连连,10,10,10
stretch,延伸,2,2,2
cedo_receiver,塞多 枪机,9,10,10
thunderbolt,雷火,1,2,2
charged_bullets,带电子弹,9,10,10
undying_will,不朽意志,2,2,2
constitution,百折不挠,8,8,9
wisp_prime_systems_blueprint,Wisp Prime 系统 蓝图,2,2,3
corvas_stock,黑鸦 枪托,9,10,10
dera_vandal_receiver,德拉·破坏者 枪机,14,18,20
zylok_prime_barrel,席尔火枪 Prime 枪管,1,2,2
afuris_prime_blueprint,盗贼双枪 Prime 蓝图,1,1,1
energy_siphon,能量虹吸,8,8,10
akbronco_prime_blueprint,野马双枪 Prime 蓝图,1,2,2
equinox_prime_blueprint,Equinox Prime 蓝图,9,10,10
eroding_blight,侵蚀毁坏,5,7,9
baruuk_prime_chassis_blueprint,Baruuk Prime 机体 蓝图,2,2,2
exodia_force,神威·气力,9,10,10
gaias_tragedy,母神悲歌,1,1,2
explosive_legerdemain,爆炸戏法,8,9,9
hildryn_prime_neuroptics_blueprint,Hildryn Prime 头部神经光元 蓝图,2,2,2
infected_clip,污染弹匣,2,2,2
fass_canticle,Fass 颂歌,8,9,15
kinetic_ricochet,动力回弹,1,2,2
final_harbinger,最终先驱,9,10,10
focused_acceleration,聚焦加速,8,10,15
larkspur_prime_receiver,翠雀 Prime 枪机,1,2,2
form_up,列阵归队,6,7,8
paris_prime_blueprint,帕里斯 Prime 蓝图,2,3,3
fused_reservoir,融合储能池,6,8,9
point_blank,抵近射击,2,2,2
galvanized_acceleration,镀层 致死加速,10,13,13
primary_deadhead,主要·死首,2,2,2
galvanized_chamber,镀层 分裂膛室,10,12,12
tatsu_prime_blueprint,龙辰 Prime 蓝图,2,2,2
ghoulsaw_set,尸鬼电锯 一套,10,10,10
thermagnetic_shells,热磁弹药,2,2,2
gleaming_blight,毁坏微光,10,10,10
vulpine_mask,狡狐诈面,1,2,2
gleaming_talon,微光利爪,9,10,12
afuris_prime_barrel,盗贼双枪 Prime 枪管,1,1,2
greedy_pull,贪婪吸引,10,10,10
ambassador_barrel,使节 枪管,1,1,1
ambassador_receiver,使节 枪机,1,1,1
hall_of_malevolence,恶怨厅,10,10,10
ambassador_stock,使节 枪托,1,1,1
hemorrhage,失血,9,10,10
braton_prime_blueprint,布莱顿 Prime 蓝图,1,1,1
hollowed_bullets,中空子弹,6,8,9
burning_wasp,炙热黄蜂,2,2,3
icy_avalanche,冰冷雪崩,9,10,10
burston_prime_receiver,伯斯顿 Prime 枪机,1,1,1
esher_devar,伊舍兄弟之石,1,1,1
iron_shrapnel,碎铁弹片,9,10,11
faceted_tiametrite,多面提亚美凝石,1,1,1
justice_blades,正义刀锋,9,10,10
fang_prime_blueprint,狼牙 Prime 蓝图,1,1,1
mach_crash,马赫崩毁,9,10,13
goblite_tears,泪滴形填充细石,1,1,1
gunsen_prime_blueprint,军扇 Prime 蓝图,1,1,2
magma_chamber,熔岩弹膛,8,9,9
heart_noctrul,心形夜石,1,1,1
malicious_raptor,恶毒猛禽,7,8,9
hildryn_prime_systems_blueprint,Hildryn Prime 系统 蓝图,1,1,1
kitgun_riven_mod_(veiled),组合枪裂罅 Mod （尚未揭开）,1,1,1
nagantaka_prime_blueprint,噬蛇弩 Prime 蓝图,9,9,9
larkspur_prime_blueprint,翠雀 Prime 蓝图,1,1,2
nautilus_prime_carapace,鹦鹉螺 Prime 外壳,6,6,6
lex_prime_blueprint,雷克斯 Prime 蓝图,1,1,1
necramech_aviator,殁世机甲 飞行员,9,14,15
pax_soar,和平·高飞,5,10,39
purging_slash,净化斩,10,10,18
marquise_veridos,女侯爵翠萤石,1,1,1
quasar_drill,类星钻体,5,7,7
masseter_prime_handle,咀嚼金棒 Prime 握柄,1,1,2
reactive_storm,响应风暴,8,9,10
orvius_disc,灵枢 圆盘,1,1,1
reaper_prime_blueprint,收割者 Prime 蓝图,8,9,9
paris_prime_upper_limb,帕里斯 Prime 上弓臂,2,2,2
reflex_denial,反射否认,7,7,8
power_throw,奋力一掷,1,1,1
repair_dispensary,修复支援,9,10,10
purged_dagonic,净化达戈琥珀,1,1,1
revealing_spores,显形孢子,10,10,13
secondary_deadhead,次要·死首,1,1,1
secondary_dexterity,次要·熟练,1,1,1
rhino_prime_neuroptics_blueprint,Rhino Prime 头部神经光元 蓝图,5,6,9
shade_prime_systems,阴影 Prime 系统,2,2,2
smooth_phasmin,光滑翡斯敏石,1,1,1
sahasa_kubrow_imprint,突击型库狛 基因印记,12,15,16
star_amarast,星形紫苋石,1,2,2
scattered_justice,散射正义,9,9,10
star_crimzian,星形绯红石,1,1,2
scorch,灼痕焦点,9,10,10
stropha_stock,诡计之刃 枪托,2,2,2
shield_of_shadows,幽影之护,10,10,10
tear_azurite,泪滴形石青,1,1,1
shivering_contagion,冷颤触染,8,9,10
war_hilt,战争之剑 握柄,1,1,1
shrapnel_rounds,破片弹头,7,9,15
skull_shots,头颅射击,10,13,14
sniper_scavenger,狙击枪弹药搜集者,11,15,18
spectra_vandal_blueprint,光谱切割器·破坏者 蓝图,8,8,8
squad_renew,小队治愈,7,8,9
tatsu_prime_handle,龙辰 Prime 握柄,5,9,9
transistor_shield,晶管屏障,8,8,9
trinity_prime_systems_blueprint,Trinity Prime 系统 蓝图,6,6,7
vampire_leech,汲能榨取,9,9,12
velocitus_barrel,极速电磁步枪 枪管,9,9,9
velox_prime_barrel,逐电 Prime 枪管,6,6,8
volatile_rebound,易爆反弹,10,10,10
wisp_prime_chassis_blueprint,Wisp Prime 机体 蓝图,8,8,9
akarius_prime_blueprint,阿利乌双枪 Prime 蓝图,6,8,8
ash_prime_neuroptics_blueprint,Ash Prime 头部神经光元 蓝图,8,9,9
ballistica_prime_lower_limb,布里斯提卡 Prime 下弓臂,3,7,8
bore,枪膛,5,10,10
cinta_blueprint,遂心 蓝图,9,9,10
cinta_grip_blueprint,遂心 握把 蓝图,8,9,10
cinta_upper_limb_blueprint,遂心 上弓臂 蓝图,9,10,15
contagion_cloud,感染毒雾,9,9,10
corrosive_projection,腐蚀投射,10,11,12
corufell_barrel,闪劫 枪管,5,7,8
corvas_barrel,黑鸦 枪管,9,10,10
corvas_receiver,黑鸦 枪机,9,10,10
counterbalance,制衡,8,8,9
critical_surge,暴击涌流,6,9,9
cunning_drift,狡诈窜升,8,8,9
cyngas_barrel,合成燃气炮 枪管,10,10,12
decurion_receiver,什长双枪 枪机,6,9,9
electrified_barrel,带电枪管,9,10,10
exothermic,释能放热,7,9,10
fanged_fusillade,尖牙连射,8,8,8
fireball_frenzy,狂热火球,10,13,14
firewall,防火墙,8,9,9
fluctus_barrel,巨浪 枪管,8,9,9
fluctus_limbs,巨浪 弓臂,9,9,9
fragor_prime_head,重击巨锤 Prime 锤头,7,8,9
frigid_blast,冰冷疾风,10,10,10
gilded_truth,镀金真相,10,11,11
gorgon_wraith_set,蛇发女妖·亡魂 一套,8,8,9
gourmand,美食家,10,10,13
healing_flame,治愈之焰,10,10,10
hearty_nourishment,丰盛滋养,10,12,13
intruder_stasis,侵入停滞,5,5,8
investigator,侦察,6,9,10
ivara_prime_systems_blueprint,Ivara Prime 系统 蓝图,8,8,9
kronen_prime_handle,皇家拐刃 Prime 握柄,9,9,10
necramech_thrusters,殁世机甲 推进器,8,9,10
nightwatch_napalm,夜巡燃烧弹,15,17,18
nova_prime_systems_blueprint,Nova Prime 系统 蓝图,9,11,11
ore_gaze,矿石凝视,9,10,10
pilfering_swarm,贪夺触角,9,9,9
razorwing_blitz,刀翼闪击,8,9,9
regenerative_molt,蜕化再生,9,9,10
resonating_quake,震地共鸣,14,15,19
scourge_prime_blueprint,祸根 Prime 蓝图,8,9,9
shattering_storm,云暴山碎,9,9,9
shedu_barrel,舍杜 枪管,8,8,9
sheev_blueprint,希芙 蓝图,8,10,10
shock_trooper,电击奇兵,9,10,10
snipetron_vandal_receiver,狙击特昂·破坏者 枪机,8,10,10
sure_footed,顶天立地,9,9,10
sweeping_serration,扫荡锯齿,7,9,9
tectonic_fracture,构造裂缝,10,12,13
titanic_rumbler,巨大石者,10,13,15
toxic_blight,毁坏毒素,7,8,8
trinity_prime_chassis_blueprint,Trinity Prime 机体 蓝图,8,8,9
venari_bodyguard,薇娜丽的护卫,10,10,12
agkuza_guard,驯象钩刃 护手,6,8,8
boltor_prime_blueprint,螺钉步枪 Prime 蓝图,9,9,10
bursting_mass,爆发质量,7,8,9
cedo_blueprint,塞多 蓝图,7,8,9
chromatic_blade,华彩刀剑,10,10,10
deadly_sequence,致命数列,13,13,15
